_id,title,text
nzh87aux,The Waiting Time for Inter-Country Spread of Pandemic Influenza,"BACKGROUND: The time delay between the start of an influenza pandemic and its subsequent initiation in other countries is highly relevant to preparedness planning. We quantify the distribution of this random time in terms of the separate components of this delay, and assess how the delay may be extended by non-pharmaceutical interventions. METHODS AND FINDINGS: The model constructed for this time delay accounts for: (i) epidemic growth in the source region, (ii) the delay until an infected individual from the source region seeks to travel to an at-risk country, (iii) the chance that infected travelers are detected by screening at exit and entry borders, (iv) the possibility of in-flight transmission, (v) the chance that an infected arrival might not initiate an epidemic, and (vi) the delay until infection in the at-risk country gathers momentum. Efforts that reduce the disease reproduction number in the source region below two and severe travel restrictions are most effective for delaying a local epidemic, and under favourable circumstances, could add several months to the delay. On the other hand, the model predicts that border screening for symptomatic infection, wearing a protective mask during travel, promoting early presentation of cases arising among arriving passengers and moderate reduction in travel volumes increase the delay only by a matter of days or weeks. Elevated in-flight transmission reduces the delay only minimally. CONCLUSIONS: The delay until an epidemic of pandemic strain influenza is imported into an at-risk country is largely determined by the course of the epidemic in the source region and the number of travelers attempting to enter the at-risk country, and is little affected by non-pharmaceutical interventions targeting these travelers. Short of preventing international travel altogether, eradicating a nascent pandemic in the source region appears to be the only reliable method of preventing country-to-country spread of a pandemic strain of influenza."
om92cx5q,On the possible role of robustness in the evolution of infectious diseases,"Robustness describes the capacity for a biological system to remain canalized despite perturbation. Genetic robustness affords maintenance of phenotype despite mutational input, necessarily involving the role of epistasis. Environmental robustness is phenotypic constancy in the face of environmental variation, where epistasis may be uninvolved. Here we discuss genetic and environmental robustness, from the standpoint of infectious disease evolution, and suggest that robustness may be a unifying principle for understanding how different disease agents evolve. We focus especially on viruses with RNA genomes due to their importance in the evolution of emerging diseases and as model systems to test robustness theory. We present new data on adaptive constraints for a model RNA virus challenged to evolve in response to UV radiation. We also draw attention to other infectious disease systems where robustness theory may prove useful for bridging evolutionary biology and biomedicine, especially the evolution of antibiotic resistance in bacteria, immune evasion by influenza, and malaria parasite infections."
5hx84kki,Humoral immune response to HTLV-1 basic leucine zipper factor (HBZ) in HTLV-1-infected individuals,"BACKGROUND: Human T cell lymphotropic virus type 1 (HTLV-1) infection can lead to development of adult T cell leukemia/lymphoma (ATL) or HTLV-1-associated myelopathy/tropical spastic paraparesis (HAM/TSP) in a subset of infected subjects. HTLV-1 basic leucine zipper factor (HBZ) gene has a critical role in HTLV-1 infectivity and the development of ATL and HAM/TSP. However, little is known about the immune response against HBZ in HTLV-1-infected individuals. In this study, we examined antibody responses against HBZ in serum/plasma samples from 436 subjects including HTLV-1 seronegative donors, asymptomatic carriers (AC), ATL, and HAM/TSP patients using the luciferase immunoprecipitation system. RESULTS: Immunoreactivity against HBZ was detected in subsets of all HTLV-1-infected individuals but the test did not discriminate between AC, ATL and HAM/TSP. However, the frequency of detection of HBZ-specific antibodies in the serum of ATL patients with the chronic subtype was higher than in ATL patients with the lymphomatous subtype. Antibody responses against HBZ were also detected in cerebrospinal fluid of HAM/TSP patients with anti-HBZ in serum. Antibody responses against HBZ did not correlate with proviral load and HBZ mRNA expression in HAM/TSP patients, but the presence of an HBZ-specific response was associated with reduced CD4(+) T cell activation in HAM/TSP patients. Moreover, HBZ-specific antibody inhibited lymphoproliferation in the PBMC of HAM/TSP patients. CONCLUSIONS: This is the first report demonstrating humoral immune response against HBZ associated with HTLV-I infection. Thus, a humoral immune response against HBZ might play a role in HTLV-1 infection."
iwtevhmq,"Hospital-based surveillance of influenza A(H1N1)pdm09 virus in Saudi Arabia, 2010-2016","BACKGROUND: Influenza is a highly contagious acute viral respiratory tract infection. The emergence of influenza A(H1N1)pdm09 in 2009 caused a pandemic. Since then it has become a seasonal influenza virus. It causes symptoms ranging from mild to severe illness, which might be fatal, particularly in people with underlying chronic medical conditions, immunocompromised people, the elderly, and pregnant women. OBJECTIVE: Describe the data generated by the influenza A(H1N1) pdm09 surveillance in Saudi Arabia from 2010 to 2016. DESIGN: Retrospective, descriptive. SETTING: Hospitals reporting to the Ministry of Health. MATERIALS AND METHODS: We studied aggregate data on hospitalized cases of influenza A(H1N1)pdm09 in Saudi Arabia between 2010 and 2016. The surveillance system used the case definition proposed by the WHO. The cases were confirmed by performing the real-time PCR (polymerase chain reaction) on upper respiratory samples. MAIN OUTCOME MEASURES: Suspected and confirmed influenza A(H1N1)pdm09 cases. SAMPLE SIZE: 113 502 suspected H1N1 cases and 17 094 (15.1%) confirmed cases. RESULTS: Most of the reported cases were registered in the Riyadh region. During the period of the study, the highest number of confirmed cases, 9262 (54.2 %), was in 2015. The case fatality rate for confirmed cases was 3.6%. CONCLUSION: Influenza A(H1N1)pdm09 showed seasonal trends. The number of suspected influenza cases each year was proportionate to the number of confirmed cases for that year. Riyadh, Jeddah and the Eastern areas (regions with the highest population) reported most of the cases. LIMITATION: Only one strain of H1N1 was tested. CONFLICT OF INTEREST: None."
2ikxxaec,N-95 Face Mask for Prevention of Bird Flu Virus: An Appraisal of Nanostructure and Implication for Infectious Control,
zjv6gmul,Acute kidney injury in critically ill patients with 2009 influenza A (H1N1) viral pneumonia: an observational study,"OBJECTIVE: To describe the incidence, risk factors, and impact on mortality of acute kidney injury (AKI) in patients with 2009 influenza A (H1N1) viral pneumonia requiring mechanical ventilation. DESIGN: Observational cohort study. PATIENTS AND METHODS: AKI was defined as risk, injury or failure, according to the RIFLE classification. Early and late AKI were defined as AKI occurring on intensive care unit (ICU) day 2 or before, or after ICU day 2, respectively. Demographic data and information on organ dysfunction were collected daily. RESULTS: Of 84 patients, AKI developed in 43 patients (51%). Twenty (24%) needed renal replacement therapy. Early and late AKI were found in 28 (33%) and 15 (18%) patients, respectively. Patients with AKI, as compared with patients without AKI, had higher Acute Physiology and Chronic Health Evaluation (APACHE) II score and ICU mortality (72% versus 39%, p < 0.01) and presented on admission more marked cardiovascular, respiratory, and hematological dysfunction. Patients with early but not late AKI presented on admission higher APACHE II score and more marked organ dysfunction, as compared with patients without AKI. ICU mortality was higher in late versus early AKI (93% versus 61%, p < 0.001). On multivariate analysis, only APACHE II score and late but not early AKI [odds ratio (OR) 1.1 (95% confidence interval 1.0–1.1) and 15.1 (1.8–130.7), respectively] were associated with mortality. CONCLUSIONS: AKI is a frequent complication of 2009 influenza A (H1N1) viral pneumonia. AKI developing after 2 days in ICU appears to be associated with different risk factors than early AKI, and is related to a higher mortality rate."
h1kuzit7,Computer simulations of protein–membrane systems,"The interactions between proteins and membranes play critical roles in signal transduction, cell motility, and transport, and they are involved in many types of diseases. Molecular dynamics (MD) simulations have greatly contributed to our understanding of protein–membrane interactions, promoted by a dramatic development of MD-related software, increasingly accurate force fields, and available computer power. In this chapter, we present available methods for studying protein–membrane systems with MD simulations, including an overview about the various all-atom and coarse-grained force fields for lipids, and useful software for membrane simulation setup and analysis. A large set of case studies is discussed."
esfbdz2v,Poster Presentations,
8r8j0h08,"Diagnosis and treatment of community‐acquired pneumonia in adults: 2016 clinical practice guidelines by the Chinese Thoracic Society, Chinese Medical Association","Community‐acquired pneumonia (CAP) in adults is an infectious disease with high morbidity in China and the rest of the world. With the changing pattern in the etiological profile of CAP and advances in medical techniques in diagnosis and treatment over time, Chinese Thoracic Society of Chinese Medical Association updated its CAP guideline in 2016 to address the standard management of CAP in Chinese adults. Extensive and comprehensive literature search was made to collect the data and evidence for experts to review and evaluate the level of evidence. Corresponding recommendations are provided appropriately based on the level of evidence. This updated guideline covers comprehensive topics on CAP, including aetiology, antimicrobial resistance profile, diagnosis, empirical and targeted treatments, adjunctive and supportive therapies, as well as prophylaxis. The recommendations may help clinicians manage CAP patients more effectively and efficiently. CAP in pediatric patients and immunocompromised adults is beyond the scope of this guideline. This guideline is only applicable for the immunocompetent CAP patients aged 18 years and older. The recommendations on selection of antimicrobial agents and the dosing regimens are not mandatory. The clinicians are recommended to prescribe and adjust antimicrobial therapies primarily based on their local etiological profile and results of susceptibility testing, with reference to this guideline."
tr7bmni3,Determining Urgent/Emergent Status of Gastrointestinal Endoscopic Procedures in an Ambulatory Care Setting During the COVID-19 Pandemic: Additional Factors That Need To Be Considered,
kqf5e9fe,Glucocorticoid treatment of patients with SARS: implications for mechanisms of immunopathology,
mw7athol,Modelling of potentially promising SARS protease inhibitors,"In many cases, at the beginning of a high throughput screening experiment some information about active molecules is already available. Active compounds (such as substrate analogues, natural products and inhibitors of related proteins) are often identified in low throughput validation studies on a biochemical target. Sometimes the additional structural information is also available from crystallographic studies on protein and ligand complexes. In addition, the structural or sequence similarity of various protein targets yields a novel possibility for drug discovery. Co-crystallized compounds from homologous proteins can be used to design leads for a new target without co-crystallized ligands. In this paper we evaluate how far such an approach can be used in a real drug campaign, with severe acute respiratory syndrome (SARS) coronavirus providing an example. Our method is able to construct small molecules as plausible inhibitors solely on the basis of the set of ligands from crystallized complexes of a protein target, and other proteins from its structurally homologous family. The accuracy and sensitivity of the method are estimated here by the subsequent use of an electronic high throughput screening flexible docking algorithm. The best performing ligands are then used for a very restrictive similarity search for potential inhibitors of the SARS protease within the million compounds from the Ligand.Info small molecule meta-database. The selected molecules can be passed on for further experimental validation."
nb9el3re,The Global Threats from Naturally Occurring Infectious Diseases,"Biological risk relates to a broad spectrum of possible scenarios, that can be classified in three categories: natural occurring, unintended and deliberate. The prevention and management of such events require dedicated measures at national and international level, in terms of biosafety and biosecurity: an optimized intervention can minimize the probability of occurrence, but also adverse short-term (i.e.: number of casualties, population reaction…) and long-term (i.e.: chronic illnesses, ecological changes, trades drop…) consequences. Natural scenarios include common, emerging/re-emerging and chronic infectious diseases: they are caused by biological agents, which can be normally present in the communities, as acute or chronic pathologies, or suddenly appear, causing new or uncommon syndromes. In particular, a lot of environmental and human factors can influence emerging and re-emerging diseases: for example, urbanization and people mobility facilitate microorganisms spread, while climate changes are likely to induce a relocation of pathogens vectors. Unintended events are usually due to research and diagnostic activities: laboratories are the places where biological agents are handled and a lack in Biosafety measures or negligence can result in accidental release; the so called Laboratory Acquired Infections represent the main consequence, since they cause pathologies in the laboratory workers, but could be also transmitted in the population. Deliberate use of biological agents is strictly related to terroristic activities: microorganisms are very suitable for this purpose, since they are hidden and can easily spread. The present chapter summarizes the main characteristics of biological agents related events, taking in account their origin and the principal consequences on the community."
c3ha5cax,Prevention and Control of Influenza Viruses,"The 2003–2004 outbreaks of highly pathogenic avian influenza (HPAI) have proven to be disastrous to the regional poultry industry in Asia, and have raised serious worldwide public health apprehension regarding the steps that should be taken to urgently control HPAI. Control measures must be taken based on the principles of biosecurity and disease management and at the same time making public aware of the precautionary measures at the verge of outbreak. Creation of protection and surveillance zones, various vaccination strategies viz. routine, preventive, emergency, mass and targeted vaccination programmes using live, inactivated and recombinant vaccines are the common strategies adopted in different parts of the globe. The new generation vaccines include recombinant vaccines and recombinant fusion vaccine. The pro-poor disease control programmes, giving compensation and subsidies to the farmers along with effective and efficient Veterinary Services forms integral part of control of HPAI. Following biosecurity principles and vaccination forms integral part of control programme against swine and equine influenza as well. Use of neuraminidase (NA) inhibitors (Zanamivir and Oseltamivir) for the treatment of human influenza has been widely accepted worldwide. The threat of increasing resistance of the flu viruses to these antivirals has evoked interest in the development of novel antiviral drugs for influenza virus such as inhibitors of cellular factors and host signalling cascades, cellular miRNAs, siRNA and innate immune peptides (defensins and cathelicidins). Commercial licensed inactivated vaccines for humans against influenza A and B viruses are available consisting of three influenza viruses: influenza type A subtype H3N2, influenza type A subtype H1N1 (seasonal) virus strain and influenza type B virus strain. As per WHO, use of tetravaccine consisting of antigens of influenza virus serotypes H3N2, H1N1, B and H5 is the most promising method to control influenza pandemic. All healthy children in many countries are required to be vaccinated between 6 and 59 months of age. The seasonal vaccines currently used in humans induce strain-specific humoral immunity as the antibodies. Universal influenza virus vaccines containing the relatively conserved ectodomain of M2 (M2e), M1, HA fusion peptide and stalk domains, NA, NP alone or in combination have been developed which have been shown to induce cross-protection. The T cell-based vaccines are another recent experimental approach that has been shown to elicit broad-spectrum heterosubtypic immunity in the host. As far as HPAI is concerned, various pandemic preparedness strategies have been documented."
q9t6yv6r,Survey on the Likely Behavioural Changes of the General Public in Four European Countries During the 2009/2010 Pandemic,"In order to assess the likely impact of public health interventions, it is important to predict the acceptance of control measures, as well as the behavioural changes that may occur among the general public in response to epidemics, in particular lethal ones. The emergence of 2009 pandemic allowed us to assess the general public’s behaviour during the pandemic, via two surveys: one at the beginning and one after the first wave of the 2009 pandemic, in four European countries.Results showed some differences between participating countries in previous behaviours relating to seasonal flu and in beliefs and knowledge about 2009 pandemic influenza. No substantial differences were detected among the four countries in the first survey with respect to the intended behaviours in anticipation of the spread of the pandemic virus. However, results from the second survey showed differences within and among the four participating countries. The two surveys were useful in showing differences between behavioural intentions and actual actions related to the 2009 pandemic influenza. To our knowledge this is the first study investigating the actual behaviour of the population in four EU countries and provides crucial descriptions of pandemic impact on social-network dynamics parameters which can be included in mathematical models."
dtveihrj,Litigations for HIV Related Complications,"In 1992, a 27-year-old male with same sex exposure requested human immuno-deficiency virus (HIV) testing anonymously at a walk-in clinic. He was advised that the test (HIV serology) was positive and he requested a repeat test (anonymously) 1 month later, which was also reported as being positive. About 2 years later, he was assessed by a general practitioner for symptoms of depression and continued medical care. At that time, investigations revealed a CD4 T-cell count of about 700 cells/uL. Sometime in 1996 a repeat blood test revealed a CD4 cell count just <500 cells/uL. No consultation to an infectious diseases specialist or HIV clinic was made. The GP(general practitioner) then initiated a regimen consisting of didanosine, lamivudine, and saquinavir for HIV infection. At that time, testing for HIV viral load was not generally available to the medical community, but became procurable in 1997. Initially, the patient tolerated the regimen well and over the next 3 years his CD4 cell count was maintained above 600–700 cells/uL and the HIV viral load remained undetectable (<50 copies). However, the patient started to show morphologic changes of moderate facial and peripheral lipoatrophy, developed mild sensory peripheral neuropathy, and increased liver enzymes attributable to fatty liver, and elevations of the fasting serum glucose. In the summer of 2000, although the CD4 cell count remained stable, the HIV viral load was reported as being over 7,000 copies/uL. At this time, the patient was referred to a university hospital HIV clinic."
8ies5d32,From SARS and avian flu to swine flu,
8wbal6fq,ISAR News,
mm8en4os,Tracheal Infections,"Infectious processes of the trachea represent a distinct clinical entity with an evolving landscape owing to advances in airway management and vaccination practices. Untreated inflammatory processes of the trachea may present in the form of acute airway obstruction, potentially resulting in significant morbidity and even mortality. Therefore it is important to recognize the cardinal features of some of the common tracheal infectious processes to differentiate them from non-infectious pathology, as the latter is associated with a more indolent course. As with most other infectious processes of the airway, pathogens causing tracheal infection can be bacterial, viral or fungal in nature. Viral etiology represents the most common cause of laryngotracheal infection in a child. Bacterial infections of the trachea are responsible for more significant morbidity, including prolonged hospitalization, need for endotracheal intubation and even an occasional tracheostomy. The current chapter describes the clinical features and microbiology of tracheal infections at large, explores the utility of diagnostic tests, and provides an algorithm for management."
397m2zpp,Assessment of a respiratory face mask for capturing air pollutants and pathogens including human influenza and rhinoviruses.,"Background Prevention of infection with airborne pathogens and exposure to airborne particulates and aerosols (environmental pollutants and allergens) can be facilitated through use of disposable face masks. The effectiveness of such masks for excluding pathogens and pollutants is dependent on the intrinsic ability of the masks to resist penetration by airborne contaminants. This study evaluated the relative contributions of a mask, valve, and Micro Ventilator on aerosol filtration efficiency of a new N95 respiratory face mask. Methods The test mask was challenged, using standardized methods, with influenza A and rhinovirus type 14, bacteriophage ΦΧ174, Staphylococcus aureus (S. aureus), and model pollutants. The statistical significance of results obtained for different challenge microbial agents and for different mask configurations (masks with operational or nonoperational ventilation fans and masks with sealed Smart Valves) was assessed. Results The results demonstrate >99.7% efficiency of each test mask configuration for exclusion of influenza A virus, rhinovirus 14, and S. aureus and >99.3% efficiency for paraffin oil and sodium chloride (surrogates for PM2.5). Statistically significant differences in effectiveness of the different mask configurations were not identified. The efficiencies of the masks for excluding smaller-size (i.e., rhinovirus and bacteriophage ΦΧ174) vs. larger-size microbial agents (influenza virus, S. aureus) were not significantly different. Conclusions The masks, with or without features intended for enhancing comfort, provide protection against both small- and large-size pathogens. Importantly, the mask appears to be highly efficient for filtration of pathogens, including influenza and rhinoviruses, as well as the fine particulates (PM2.5) present in aerosols that represent a greater challenge for many types of dental and surgical masks. This renders this individual-use N95 respiratory mask an improvement over the former types of masks for protection against a variety of environmental contaminants including PM2.5 and pathogens such as influenza and rhinoviruses."
56lhovmz,Rapid diagnostic testing for seasonal influenza: an evidence-based review and comparison with unaided clinical diagnosis.,"BACKGROUND Worldwide, seasonal influenza imposes a considerable health and economic burden. Clinical diagnosis of influenza-like illness (ILI) is complicated by non-specific symptomatology. Rapid flu tests (RFTs) impact treatment decisions and may improve patient care; yet, recommendations for RFT use are broad, and the performance of unaided clinical diagnosis relative to RFTs is unclear. OBJECTIVES To determine age-stratified, overall sensitivities and specificities of the widely studied RFT, QuickVue® (Quidel Corporation, San Diego, CA), and clinical diagnosis of ILI by meta-analysis and to seek factors associated with poorer clinical diagnostic discrimination. METHODS A systematic literature review was conducted using article selection criteria identifying studies indexed in PubMed/MEDLINE, the Cochrane Library, and other pertinent sources of studies reporting sensitivity, specificity, and effects of RFTs and clinical diagnosis on decision-making for patients with ILI. RESULTS QuickVue's® diagnostic specificity exceeds that of unaided clinical diagnosis by 29-31%. False-positive results occur approximately 8.2 times more frequently by unaided clinical diagnosis than by the RFT alone. These findings were unaffected by seasonal variations in disease prevalence. RFTs reduce diagnostic testing, antibiotic use, and emergency department utilization while increasing antiviral prescription rates. No systematic relationship between the broadness of clinical diagnostic criteria for influenza and diagnostic performance was observed across studies included in this review. CONCLUSIONS Use of RFTs improves seasonal influenza diagnostic specificity above that based on unaided clinical diagnosis irrespective of the broadness of clinical diagnostic criteria, and affects clinical decision-making. These results provide an improved framework upon which to diagnose influenza, design future RFT studies, and modify existing recommendations for improved ILI patient management."
g1k3zlax,Coronavirus: Update Related to the Current Outbreak of COVID-19.,"In December 2019, some cases of viral pneumonia were epidemiologically related to a new coronavirus in the province of Hubei, China. Subsequently, there has been an increase in infections attributable to this virus throughout China and worldwide. The World Health Organization (WHO) has officially named the infection coronavirus disease 2019 (COVID-19), and the virus has been classified as severe acute respiratory syndrome coronavirus 2 (SARS-CoV-2). This appears to be a virus from Rhinolophus bats, but the intermediate host has not yet been identified. The mechanism of infection of SARS-CoV-2 is not yet known; it appears to have affinity for cells located in the lower airways, where it replicates. The interhuman transmission of coronaviruses mainly occurs through saliva droplets and direct and indirect contact via surfaces. As of March 10, 2020, the number of cases worldwide was 113,702. Along with severe acute respiratory syndrome (SARS) and Middle Eastern respiratory syndrome (MERS), COVID-19 appears to cause a severe clinical picture in humans, ranging from mild malaise to death by sepsis/acute respiratory distress syndrome. The prognosis is worse in elderly patients with comorbidities. To date, there is no specific therapy for COVID-19. Prevention of SARS-CoV-2 infection implies strategies that limit the spread of the virus. WHO and other international and national bodies have developed continuously updated strategic objectives and provisions to contain the spread of the virus and infection."
6donibpz,Industry 4.0 technologies and their applications in fighting COVID-19 pandemic,"Abstract Background and aims COVID 19 (Coronavirus) pandemic has created surge demand for essential healthcare equipment, medicines along with the requirement for advance information technologies applications. Industry 4.0 is known as the fourth industrial revolution, which has the potential to fulfil customised requirement during COVID-19 crisis. This revolution has started with the applications of advance manufacturing and digital information technologies. Methods A detailed review of the literature is done on the technologies of Industry 4.0 and their applications in the COVID-19 pandemic, using appropriate search words on the databases of PubMed, SCOPUS, Google Scholar and Research Gate. Results We found several useful technologies of Industry 4.0 which help for proper control and management of COVID-19 pandemic and these have been discussed in this paper. The available technologies of Industry 4.0 could also help the detection and diagnosis of COVID-19 and other related problems and symptoms. Conclusions Industry 4.0 can fulfil the requirements of customised face masks, gloves, and collect information for healthcare systems for proper controlling and treating of COVID-19 patients. We have discussed ten major technologies of Industry 4.0 which help to solve the problems of this virus. It is useful to provide day to day update of an infected patient, area-wise, age-wise and state-wise with proper surveillance systems. We also believe that the proper implementation of these technologies would help to enhance education and communication regarding public health. These Industry 4.0 technologies could provide a lot of innovative ideas and solution for fighting local and global medical emergencies."
25hxhv6m,"If a coronavirus vaccine arrives, can the world make enough?",
99ttewb5,Livestock infectious diseases and zoonoses.,"Infectious diseases of livestock are a major threat to global animal health and welfare and their effective control is crucial for agronomic health, for safeguarding and securing national and international food supplies and for alleviating rural poverty in developing countries. Some devastating livestock diseases are endemic in many parts of the world and threats from old and new pathogens continue to emerge, with changes to global climate, agricultural practices and demography presenting conditions that are especially favourable for the spread of arthropod-borne diseases into new geographical areas. Zoonotic infections that are transmissible either directly or indirectly between animals and humans are on the increase and pose significant additional threats to human health and the current pandemic status of new influenza A (H1N1) is a topical example of the challenge presented by zoonotic viruses. In this article, we provide a brief overview of some of the issues relating to infectious diseases of livestock, which will be discussed in more detail in the papers that follow."
k8q11s9b,Skin manifestations of COVID-19.,"Cutaneous manifestations, a well-known effect of viral infections, are beginning to be reported in patients with COVID-19 disease. These manifestations most often are morbilliform rash, urticaria, vesicular eruptions, acral lesions, and livedoid eruptions. Some of these cutaneous manifestations arise before the signs and symptoms more commonly associated with COVID-19, suggesting that they could be presenting signs of COVID-19. utaneous manifestations are well known to occur in the setting of viral illnesses, and occasionally these manifestations have diagnostic or prognostic value. With COVID-19, although we are at a relatively early point in the pandemic, cutaneous manifestations in infected patients are beginning to emerge from around the world. In this article, we describe some of the current cutaneous abnormalities observed in patients with COVID-19."
ei0qno68,Novel tip to prevent ear irritation with surgical face masks (FRSM) during the coronavirus (COVID-19) pandemic.,
z82u8dik,Association between chronic ACE inhibitor exposure and decreased odds of severe disease in patients with COVID-19.,"OBJECTIVE Coronavirus disease 2019 (COVID-19) is caused by the severe acute respiratory syndrome coronavirus 2 (SARS-CoV-2). Renin-angiotensin-aldosterone-system (RAAS) inhibitors may increase the expression of angiotensin-converting enzyme 2, which is the receptor for SARSCoV-2 Spike protein. The consequences of using angiotensin-converting enzyme inhibitors (ACEi) and angiotensin receptor blockers (ARB) during the COVID-19 pandemic are unknown. METHODS A retrospective cohort study aiming to identify the odds of severe disease (defined as either hospitalization of ≥14 days, admission to the intensive care unit, or death) associated with exposure to ACEi or ARB was conducted. Adult patients (age ≥18 years) with COVID-19 admitted to the İstanbul Faculty of Medicine Corona Center between March 9 and May 11, 2020, were included. Chronic users of ACEi, ARB, or other antihypertensive drugs were matched according to age, sex, sick days before hospitalization, comorbidities, smoking, number of antihypertensive regimens, doxazosin use, furosemide use, and serum creatinine level. Odds ratios (OR) of having severe disease were calculated. RESULTS In total, 611 patients were admitted with COVID-19, confirmed by either reverse-transcriptase polymerase chain reaction or computed tomography (CT). There were 363 males, and the age ranged from 18 to 98 years, with an average age of 57±15 years. Of these, 165 participants had severe disease (53 deaths, case fatality rate: 8.7%). Among those with hypertension (n=249), ARB exposure was compatible with decreased odds (OR=0.60, 95% CI: 0.27-1.36, p=0.31) of severe disease though not statistically significant, while ACEi exposure significantly reduced the risk of severe disease (OR=0.37, 95% CI: 0.15-0.87, p=0.03). ACEi exposure was associated with milder infiltrations seen on baseline CT, lower C-reactive protein and ferritin, higher monocytes, shorter hospitalization, and less requirement for specific empirical treatments (favipiravir and meropenem). CONCLUSION Our data suggest that exposure to ACEi drugs may have favorable effects in the context of COVID-19 pneumonia."
jlop0lui,The transmission of SARS-CoV-2 is likely comodulated by temperature and by relative humidity,"Quantifying the role of temperature and humidity on the transmission of SARS-CoV-2 has been confounded by a lack of controlled experiments, the sudden rise in detection rates, and changing weather patterns. In this paper we focus our analysis on data from Colombia, which presents unique economic, demographic and geological characteristics that favor the study of temperature and humidity upon SARS-CoV-2 transmission: the weather varies dramatically across five natural regions (from the Caribbean coast and the Amazon rainforest to the Andean mountains), there are no pronounced seasons, there is a central port of entry, the use of public transportation dominates inter- and intracity travel, and indoor climate control is rare. While only controlled experiments can precisely quantify the role of temperature and humidity upon SARS-CoV-2 transmission, we observe significant attenuation of transmission in climates with sustained daily maximum temperatures above 30 degrees Celsius and simultaneous mean relative humidity below 78%. We hypothesize that temperature and relative humidity comodulate the infectivity of SARS-CoV-2 within respiratory droplets."
r141na6j,"Eco-epidemiological assessment of the COVID-19 epidemic in China, January-February 2020","Background: The outbreak of COVID-19 in China in early 2020 provides a rich data source for exploring the ecological determinants of this new infection, which may be of relevance elsewhere. Objectives: Assessing the spread of the COVID-19 across China, in relation to associations between cases and ecological factors including population density, temperature, solar radiation and precipitation. Methods: Open-access COVID-19 case data include 18,069 geo-located cases in China during January and February 2020, which were mapped onto a 0.25° latitude/longitude grid together with population and weather data (temperature, solar radiation and precipitation). Of 15,539 grid cells, 559 (3.6%) contained at least one case, and these were used to construct a Poisson regression model of cell-weeks. Weather parameters were taken for the preceding week given the established 5-7 day incubation period for COVID-19. The dependent variable in the Poisson model was incident cases per cell-week and exposure was cell population, allowing for clustering of cells over weeks, to give incidence rate ratios. Results: The overall COVID-19 incidence rate in cells with confirmed cases was 0.12 per 1,000. There was a single case in 113/559 (20.2%) of cells, while two grid cells recorded over 1,000 cases. Weekly means of maximum daily temperature varied from -28.0 to 30.1 °C, minimum daily temperature from -42.4 to 23.0 °C, maximum solar radiation from 0.04 to 2.74 MJm-2 and total precipitation from 0 to 72.6 mm. Adjusted incidence rate ratios suggested brighter, warmer and drier conditions were associated with lower incidence. Conclusion: Though not demonstrating cause and effect, there were appreciable associations between weather and COVID-19 incidence during the epidemic in China. This does not mean the pandemic will go away with summer weather but demonstrates the importance of using weather conditions in understanding and forecasting the spread of COVID-19."
zt5alyy2,IL6 inhibition in critically ill COVID-19 patients is associated with increased secondary infections,"Anti-inflammatory therapies such as IL-6 inhibition have been proposed for COVID-19 in a vacuum of evidence-based treatment. However, abrogating the inflammatory response in infectious diseases may impair a desired host response and predispose to secondary infection. To determine whether IL-6 inhibition is associated with an increased occurrence of secondary infections in patients admitted to the intensive care unit (ICU). We retrospectively reviewed the medical record of patients during an 8-week span and compared the incidence of secondary infection in patients who did and did not receive tocilizumab. The study was approved by the IRB. Additionally, we included representative histopathologic post-mortem findings from several COVID-19 cases that underwent autopsy at our institution. The study was conducted in a cohorted COVID-19 ICU at a tertiary care university medical center. Patients 18 years of age or older admitted to the adult COVID-19 intensive care unit with COVID-19 were randomly selected. We reviewed the occurrence and nature of secondary infections and clinical outcomes in patients who did and did not receive tocilizumab. Measures were formulated prior to the study. For autopsy findings, we were interested in the lung pathology. 60 patients were selected of which 28 had received tocilizumab while 32 had not. Receiving tocilizumab was associated with a higher risk of secondary bacterial (64.3% vs. 31.3%, p=0.010) and fungal (7.1% vs. 0%, p=0.096) infections. 7 cases underwent autopsy. In 3 cases, tocilizumab had previously been given. All 3 patients demonstrated evidence of pneumonia on pathology. Of the 4 cases that had not been given tocilizumab, 2 showed evidence of aspiration pneumonia and 2 exhibited diffuse alveolar damage. Experimental therapies are currently being applied to COVID-19 outside of clinical trials. Anti-inflammatory therapies such as anti-IL-6 therapy have the potential to impair viral clearance, predispose to secondary infection, and cause harm. We seek to raise physician awareness of these issues and highlight the need to better understand the immune response in COVID-19."
u1i5onqr,Understanding Epidemic Data and Statistics: A case study of COVID-19,"The 2019-Novel-Coronavirus (COVID-19) has affected 181 countries and out of about 1197405 confirmed cases (By April 5). Understanding the transmission dynamics of the infection in each country which affected on a daily basis and evaluating the effectiveness of control policies is critical for our further actions. To date, the statistics of COVID-19 reported cases show more than 80 percent of infected had a mild case of disease, while around 14 percent of infected experienced a severe one and about 5 percent are categorized as critical disease victims. Today's report (2020-04-05; daily updates in the prepared website) shows the confirmed cases of COVID-19 in the US, Spain, Italy, and Germany are 308850, 126168, 124632, and 96092; respectively. Calculating the total Case Fatality Rate (CFR) of Italy (2020-04-04), about 13.3% of confirmed cases passed away. Compared to South Korea's rate of 1.8% (7 times lower than Italy) and China's 4% (69% lower than Italy), the CFR of Italy is too high. There are some effective policies that yield significant changes in the trend of cases. The lockdown policy in China, Italy, and Spain (the effect observed after some days), Shutdown of all non-essential companies in Hubei (the effect observed after 5 days), combined policy in South Korea, and reducing working hours in Iran."
28utunid,To mask or not to mask: Modeling the potential for face mask use by the general public to curtail the COVID-19 pandemic,"Face mask use by the general public for limiting the spread of the COVID-19 pandemic is controversial, though increasingly recommended, and the potential of this intervention is not well understood. We develop a compartmental model for assessing the community-wide impact of mask use by the general, asymptomatic public, a portion of which may be asymptomatically infectious. Model simulations, using data relevant to COVID-19 dynamics in the US states of New York and Washington, suggest that broad adoption of even relatively ineffective face masks may meaningfully reduce community transmission of COVID-19 and decrease peak hospitalizations and deaths. Moreover, mask use decreases the effective transmission rate in nearly linear proportion to the product of mask effectiveness (as a fraction of potentially infectious contacts blocked) and coverage rate (as a fraction of the general population), while the impact on epidemiologic outcomes (death, hospitalizations) is highly nonlinear, indicating masks could synergize with other non-pharmaceutical measures. Notably, masks are found to be useful with respect to both preventing illness in healthy persons and preventing asymptomatic transmission. Hypothetical mask adoption scenarios, for Washington and New York state, suggest that immediate near universal (80%) adoption of moderately (50%) effective masks could prevent on the order of 17--45% of projected deaths over two months in New York, while decreasing the peak daily death rate by 34--58%, absent other changes in epidemic dynamics. Even very weak masks (20% effective) can still be useful if the underlying transmission rate is relatively low or decreasing: In Washington, where baseline transmission is much less intense, 80% adoption of such masks could reduce mortality by 24--65% (and peak deaths 15--69%), compared to 2--9% mortality reduction in New York (peak death reduction 9--18%). Our results suggest use of face masks by the general public is potentially of high value in curtailing community transmission and the burden of the pandemic. The community-wide benefits are likely to be greatest when face masks are used in conjunction with other non-pharmaceutical practices (such as social-distancing), and when adoption is nearly universal (nation-wide) and compliance is high."
123i465d,Super spreader cohorts and covid-19,"A simple two-cohort SIR like model can explain the qualitative behaviour of the logarithmic derivative estimations of the covid-19 epidemic evolution as observed in several countries. The model consists of a general population in which the R_0 value is slightly below 1, but in which a super-spreading small subgroup with high R_0, coupled to the general population, is contaminating a significant fraction of the population. The epidemic starts to slow down when herd immunity is reached in this subgroup. The dynamics of this system is quite robust against non-pharmaceutical measures."
51b7oh8s,2019-nCoV - Towards a 4th generation vaccine,"The first report of the unusual manifestation of pneumonia-like symptoms in Wuhan City, China was made on 31 December 2019. Within one week, the Chinese authorities reported that they had identified the causative agent as a new member of the Coronavirus family, the same family of that was responsible for MERS and SARS not so many years ago. The new virus was called Novel Coronavirus 2019 (2019-nCoV). Three weeks later, the World Health Organization declared that 2019-nCoV was capable of direct human-to-human transmission, the virus had spread across several countries in three continents, and had infected close to two thousand people, of whom at least 1 in 5 quite severely. The number of fatalities was fast rising. Yet, the World Health Organization officially announced that there is still at present no recommended anti-nCoV vaccine for subject at-risk, nor treatment for patients with suspected or confirmed nCoV, let alone 2019-nCov. It is therefore timely and critical to propose new possible and practical approaches for preventive interventions for subjects at-risk, and for treatment of patients afflicted with 2019-nCov-induced disease (Corona Virus Disease 2019; COVID-19) before the present situation explodes into a worldwide pandemic. One such potential clinical protocol is proposed as a hypothesis."
klliuizs,Early epidemiological and clinical manifestations of COVID-19 in Japan,"Background: Severe acute respiratory syndrome coronaviruses -2 (SARS-COV2) named as COVID-19 had spread worldwide and leading to 1,210,956 confirmed cases and 67,594 deaths Methods: A data of 1192 confirmed cases and 43 deaths due to COVID-19 in Japan collected from the Ministry of Health, Labour and Welfare of Japan and analysed for different epidemiological parameters and their clinical manifestations. We used Clauset-Newman-Moore (CNM) clustering algorithm to develop web-network of confirmed cases to identified clusters of community transmission. Results: Out of 1192 confirmed cases, 90.60% were symptomatic and 9.39% were asymptomatic. The prevalence of COVID19 in males was 56.29% and 43.20 % in females. The mean interval (SD) from symptom onset to diagnosis was 6-22.6 days while mean interval (SD) from contact to onset of symptoms was 5-19.5 days. People of age range 40-79 were more infected and deaths median age was 80. The main symptoms were fever, dry cough, fatigue and pneumonia. The main infected cities were Tokyo (195/1192, 16.35%), Hokkaido (160/1192 13.42%), Aichi (150/1192, 12.58%) and Osaka (145/1192, 12.16%). Only 2.34% cases had travel history from Wuhan China and Osaka music concert was identify as main cluster for community transmission. While 556 (46.64%) cases were clinically diagnosed and 557 (46.72%) were confirmed by using RT-PCR. Conclusions: Other than, declare emergency Japan need to change their approach of diagnosing COVID-19, as asymptomatic cases prevalence is high and maybe it is reason for current sudden increase of cases. Screening centre should be establish away from hospitals, which are treating positive cases."
4qlwf00l,A COVID-19 outbreak in a rheumatology department upon the early days of the pandemic,"Objectives: To describe our experience with a coronavirus disease 2019 (COVID-19) outbreak within a large rheumatology department, early in the pandemic. Methods: Symptomatic and asymptomatic healthcare workers (HCWs) had a naso-oropharyngeal swab for detection of severe acute respiratory syndrome coronavirus 2 (SARS-CoV-2) and were followed clinically. Reverse transcription polymerase-chain reaction (RT-PCR) was repeated to document cure, and serological response was assessed. Patients with risk contacts within the department in the 14 days preceding the outbreak were screened for COVID-19 symptoms. Results: 14/34 HCWs (41%; 40{+/-}14 years, 71% female) tested positive for SARS-CoV-2, and 11/34 (32%) developed symptoms but were RT-PCR-negative. Half of RT-PCR-positive HCWs did not report fever, cough, or dyspnoea before testing, which were absent in 3/14 cases (21%). Mild disease prevailed (79%), but 3 HCWs had moderate disease requiring further assessment, which excluded severe complications. Nevertheless, symptom duration (28{+/-}18 days), viral shedding (31{+/-}10 days post-symptom onset, range 15-51) and work absence (29{+/-}28 days) were prolonged. 13/14 (93%) of RT-PCR-positive and none of the RT-PCR-negative HCWs had a positive humoral response, with higher IgG-index in individuals over 50 years (14.5{+/-}7.7 vs 5.0{+/-}4.4, p=0.012). Of 617 rheumatic patients, 8 (1.3%) developed COVID-19 symptoms (1/8 hospitalisation, 8/8 complete recovery), following a consultation/procedure with an asymptomatic (7/8) or mildly-symptomatic (1/8) HCW. Conclusions: A COVID-19 outbreak can occur among HCWs and rheumatic patients, swiftly spreading over the presymptomatic stage. Mild disease without typical symptoms should be recognised, and may evolve with delayed viral shedding, prolonged recovery, and adequate immune response in most individuals."
8xck5832,Site-specific N-glycosylation Characterization of Recombinant SARS-CoV-2 Spike Proteins,"The glycoprotein spike (S) on the surface of SARS-CoV-2 is a determinant for viral invasion and host immune response. Herein, we characterized the site-specific N-glycosylation of S protein at the level of intact glycopeptides. All 22 potential N-glycosites were identified in the S-protein protomer and were found to be preserved among the 753 SARS-CoV-2 genome sequences. The glycosites exhibited glycoform heterogeneity as expected for a human cell-expressed protein subunits. We identified masses that correspond to 157 N-glycans, primarily of the complex type. In contrast, the insect cell-expressed S protein contained 38 N-glycans, primarily of the high-mannose type. Our results revealed that the glycan types were highly determined by the differential processing of N-glycans among human and insect cells. This N-glycosylation landscape and the differential N-glycan patterns among distinct host cells are expected to shed light on the infection mechanism and present a positive view for the development of vaccines and targeted drugs."
j060e7de,Significantly Improved COVID-19 Outcomes in Countries with Higher BCG Vaccination Coverage: A Multivariable Analysis,"COVID-19 started in Hubei province in China and has spread to 210 countries within 3 months. The statistic of COVID-19 across the world is reported daily, providing a dynamic perspective for each country. We tested the hypothesis that the vaccination against tuberculosis with BCG correlates with better outcomes for COVID-19 patients. To this end, we combined the information on demography, economy, major chronic diseases, and immunization policies with the COVID-19 outcomes. We filtered out at a fixed date all countries that were below a predetermined value for population size and number of COVID-19 deaths per million (DPM). Altogether, 55 countries, covering 62.9% of the world population, met our criteria and were analyzed. To allow a reliable comparison between countries, each was aligned to a critical alignment threshold date (0.5 DPM). We found that the years of BCG admission are negatively correlated with DPM at varying times post alignment. Results from multivariable regression tests with 22 quantitative properties of each country and its population substantiate the dominant contribution of BCG admission years to the COVID-19 outcomes. Analyzing countries according to an age group partition across several time-points, reveals that the strongest correlation is attributed to the coverage in BCG vaccination of the young population (<25 years), to a lesser degree the middle age group (25-64 years), while BCG coverage status of the elderly (>65 years) was insignificant. More specifically, the signal is attributed to recent immunizations (last 15 years) rather than past policies. We propose that BCG immunization coverage, especially among the most recently vaccinated, may contribute to attenuation of the COVID-19 spread and severity."
ntfa1tcs,Can we use these masks? Rapid Assessment of the Inhalation Resistance Performance of Uncertified Medical Face Masks in the Context of Restricted Resources Imposed during a Public Health Emergency,"In the case of a public health emergency such as the COVID-19 pandemic, access to large quantities of appropriate personal protection equipment (PPE) has presented a significant problem. A shortage of face masks and respirators has been widely reported across the world. A concerted effort to manufacture high volumes has not unsurprisingly put pressure on the supply chain and the important certification processes. PPE procured or donated as uncertified stock requires rigorous, expedient and scientifically informed evidence before decisions can be made regarding suitable deployment, expensive certification, return or possible destruction of stock. This paper reports a series of experiments devised in reaction to this situation. In this study, an experimental methodology for the assessment of the filtration performance of samples of real-world, uncertified, fluid resistant surgical masks (FRSM type IIR) was evaluated in the resource limited (lockdown) environment of the COVID-19 pandemic. A steady-state flow rig was adapted to incorporate a bespoke filter flow chamber for mounting face masks in order to evaluate the resistance to air flow as an indicator of mask inhalation performance. Pure air was drawn through a specified control surface area at known flow rate conditions; the resistance to the air flow through the masks was measured as the resulting pressure drop. Over 60 tests were performed from 4 different, randomly sampled batches and compared to a control sample of EN Type IIR certified FRSM masks. Steady-state volumetric airflow rates of 30 and 95 lmin-1 were chosen to represent deep breathing and vigorous exercise conditions respectively. The results showed that the sample masks produced a pressure drop of between 26% to 58% compared to the control batch at the lower flow rate and 22% to 55% at the higher rate. The results for each sample were consistent across both flow rates. Within the group of masks tested, two sets (between 48% and 58% of the reference set) showed the potential to be professionally assessed for appropriate deployment in a suitable setting. Although the absolute values of pressure drop measured by this method are unlikely to correlate with other testing approaches, the observed, indicative trends and relative performance of the masks is key to this approach. Critically, this method does not replace certification but it has enabled a public body to quickly make decisions; certify, re-assign, refund, thus saving time and resources. The total time spent conducting the tests was less than 8 hours and the low cost method proposed can be repurposed for low resource regions."
cw37jrt2,Coronavirus Disease (COVID-19): Implications for Cardiovascular and Socially At-risk Populations,"Dennison Himmelfarb and Baptiste discuss the implications of coronavirus disease (COVID-19) for cardiovascular and socially at-risk populations COVID-19 is an infectious respiratory disease caused by the newly discovered pathogen, SARS-CoV-2, a novel RNA-dependent RNA polymerase betacoronavirus that is thought to derive from bats At this time, there are no specific vaccines or treatments for COVID-19 The best way to prevent and slow transmission is to be well informed about the COVID-19 virus, the disease it causes, and how it spreads"
k2djlq01,Sensitivity of commercial Anti-SARS-CoV-2 serological assays in a high-prevalence setting,"We analysed SARS-CoV-2 specific antibody responses in 42 social and working contacts of a super-spreader from the Heinsberg area in Germany. Consistent with a high-prevalence setting 26 individuals had SARS-CoV-2 antibodies determined by in-house neutralisation testing. These results were compared with four commercial assays, suggesting limited sensitivity of the assays in such a high-prevalence setting. Although SARS-CoV-2 nucleocapsid restricted tests showed a better sensitivity, spike based assays had a stronger correlation with neutralisation capacity."
isjacgq1,Identifying and Ranking Common COVID-19 Symptoms from Arabic Twitter,"Objective: The aim of this study is to identify the most common symptoms reported by covid-19 patients in the Arabic language and order the symptoms appearance based on the collected data. Methods: We search the Arabic content of Twitter for personal reports of covid-19 symptoms from March 1st to May 27th, 2020. We identify 463 Arabic users who tweeted testing positive for covid-19 and extract the symptoms they publicly associate with covid-19. Furthermore, we ask them directly through personal messages to opt in and rank the appearance of the first three symptoms they experienced right before (or after) diagnosed with covid-19. Finally, we track their Twitter timeline to identify additional symptoms that were mentioned within +-5 days from the day of tweeting having covid-19. In summary, a list of 270 covid-19 reports were collected and symptoms were (at least partially) ranked from early to late. Results: The collected reports contained roughly 900 symptoms originated from 74% (n=201) male and 26% (n=69) female Twitter users. The majority (82%) of the tracked users were living in Saudi Arabia (46%) and Kuwait (36%). Furthermore, 13% (n=36) of the collected reports were asymptomatic. Out of the users with symptoms (n=234), 66% (n=180) provided a chronological order of appearance for at least three symptoms. Fever 59% (n=139), Headache 43% (n=101), and Anosmia 39% (n=91) were found to be the top three symptoms mentioned by the reports. They count also for the top-3 common first symptoms in a way that 28% (n=65) said their covid journey started with a Fever, 15% (n=34) with a Headache and 12% (n=28) with Anosmia. Out of the Saudi symptomatic reported cases (n=110), the most common three symptoms were Fever 59% (n=65), Anosmia 42% (n=46), and Headache 38% (n=42)."
jjtsd4n3,A model to forecast regional demand for COVID-19 related hospital beds,"COVID-19 threatens to overwhelm hospital facilities throughout the United States. We created an interactive, quantitative model that forecasts demand for COVID-19 related hospitalization based on county-level population characteristics, data from the literature on COVID-19, and data from online repositories. Using this information as well as user inputs, the model estimates a time series of demand for intensive care beds and acute care beds as well as the availability of those beds. The online model is designed to be intuitive and interactive so that local leaders with limited technical or epidemiological expertise may make decisions based on a variety of scenarios. This complements high-level models designed for public consumption and technically sophisticated models designed for use by epidemiologists. The model is actively being used by several academic medical centers and policy makers, and we believe that broader access will continue to aid community and hospital leaders in their response to COVID-19. Link to online model: https://surf.stanford.edu/covid-19-tools/covid-19/"
r3t4bd78,Global genetic diversity patterns and transmissions of SARS-CoV-2,"Background: Since it was firstly discovered in China, the SARS-CoV-2 epidemic has caused a substantial health emergency and economic stress in the world. However, the global genetic diversity and transmissions are still unclear. Methods: 3050 SARS-CoV-2 genome sequences were retrieved from GIASID database. After aligned by MAFFT, the mutation patterns were identified by phylogenetic tree analysis. Results: We detected 17 high frequency (>6%) mutations in the 3050 sequences. Based on these mutations, we classed the SARS-CoV-2 into four main groups and 10 subgroups. We found that group A was mainly presented in Asia, group B was primarily detected in North America, group C was prevailingly appeared in Asia and Oceania and group D was principally emerged in Europe and Africa. Additionally, the distribution of these groups was different in age, but was similar in gender. Group A, group B1 and group C2 were declined over time, inversely, group B2, group C3 and group D were rising. At last, we found two apparent expansion stages (late Jan-2020 and late Feb-2020 to early Mar-2020, respectively). Notably, most of groups are quickly expanding, especially group D. Conclusions: We classed the SARS-CoV-2 into four main groups and 10 subgroups based on different mutation patterns at first time. The distribution of the 10 subgroups was different in geography, time and age, but not in gender. Most of groups are rapidly expanding, especially group D. Therefore, we should attach importance to these genetic diversity patterns of SARS-CoV-2 and take more targeted measures to constrain its spread."
srgi9jc6,SARS-CoV-2 mutations and where to find them: An in silico perspective of structural changes and antigenicity of the Spike protein,"The recent emergence of a novel coronavirus (SARS-CoV-2) is causing a severe global health threat characterized by severe acute respiratory syndrome (Covid-19). At the moment, there is no specific treatment for this disease, and vaccines are still under development. The structural protein Spike is essential for virus infection and has been used as the main target for vaccine and serological diagnosis test development. We analysed 2363 sequences of the Spike protein from SARS-CoV-2 isolates and identified variability in 44 amino acid residues and their worldwide distribution in all continents. We used the three-dimensional structure of the homo-trimer model to predict conformational epitopes of B-cell, and sequence of Spike protein Wuhan-Hu-1 to predict linear epitopes of T-Cytotoxic and T-Helper cells. We identified 45 epitopes with amino acid variations. Finally, we showed the distribution of mutations within the epitopes. Our findings can help researches to identify more efficient strategies for the development of vaccines, therapies, and serological diagnostic tests based on the Spike protein of Sars-Cov-2."
0rbgbsj8,Core warming of coronavirus disease 2019 (COVID-19) patients undergoing mechanical ventilation: protocol for a randomized controlled pilot study,"Background: Coronavirus disease 2019 (COVID-19), caused by the virus SARS-CoV-2, is spreading rapidly across the globe, with no proven effective therapy. Fever is seen in most cases of COVID-19, at least at the initial stages of illness. Although fever is typically treated (with antipyretics or directly with ice or other mechanical means), increasing data suggest that fever is a protective adaptive response that facilitates recovery from infectious illness. Objective: To describe a randomized controlled pilot study of core warming patients with COVID-19 undergoing mechanical ventilation. Methods: This prospective single-site randomized controlled pilot study will enroll 20 patients undergoing mechanical ventilation for respiratory failure due to COVID-19. Patients will be randomized 1:1 to standard-of-care or to receive core warming via an esophageal heat exchanger commonly utilized in critical care and surgical patients. The primary outcome is the severity of acute respiratory distress syndrome (as measured by PaO2/FiO2 ratio) 24 hours after initiation of treatment. Secondary outcomes include hospital and intensive care unit length of stay, duration of mechanical ventilation, amount of viral shedding, and 30-day mortality. Results: Resulting data will provide effect size estimates to guide a definitive multi-center randomized clinical trial. ClinicalTrials.gov registration number: pending. Conclusions: With growing data to support clinical benefits of elevated temperature in infectious illness, this study will provide data to guide further understanding of the role of active temperature management in COVID-19 treatment and provide effect size estimates to power larger studies."
7ddukj9b,Synonymous sites in SARS-CoV-2 genes display trends affecting translational efficiency,"A novel coronavirus, SARS-CoV-2, has caused a pandemic of COVID-19. The evolutionary trend of the virus genome may have implications for infection control policy but remains obscure. We introduce an estimation of fold change of translational efficiency based on synonymous variant sites to characterize the adaptation of the virus to hosts. The increased translational efficiency of the M and N genes suggests that the population of SARS-CoV-2 benefits from mutations toward favored codons, while the ORF1ab gene has slightly decreased the translational efficiency. In the coding region of the ORF1ab gene upstream of the −1 frameshift site, the decreasing of the translational efficiency has been weakening parallel to the growth of the epidemic, indicating inhibition of synthesis of RNA-dependent RNA polymerase and promotion of replication of the genome. Such an evolutionary trend suggests that multiple infections increased virulence in the absence of social distancing."
e790rxq9,Nonmedical Masks in Public for Respiratory Pandemics: Droplet Retention by Two-Layer Textile Barrier Fully Protects Germ-free Mice from Bacteria in Droplets,"Due to the shortage of masks during the pandemic, we recently demonstrated that household textiles are effective environmental droplet barriers (EDBs) with identical droplet retention potential as medical masks. To further promote the implementation of a universal community droplet reduction solution based on a synchronized encouragement/enforcement of mask utilization by the public based on widely available textiles (mask fabrication without the need for sewing machines), here we conducted a study using germ-free mice to determine to what extent textiles were effective in vivo. Using a bacterial-suspension spray simulation model of droplet ejection (mimicking a sneeze), we quantified the extent by which 100% cotton textile prevented the contamination of germ-free animals on the other side of the textile-barrier (simulating a properly worn mask). Of relevance, all mice protected with textiles remained germ-free after two sprays (inoculation dose: >600 bacterial droplet units per 56.75cm2) compared to the contamination of mice not protected by a textile (0/12 vs 6/6, Fisher’s exact, p<0.0001). In a second phase of the experiment with 12 germ-free mice exposed again to 10-fold more droplets remained germ-free, while 100% of mice at 180cm became colonized with a single spray (0/8 vs 4/4, Fisher exact, p=0.002). Collectively, barriers protected all mice (even with low-density textiles, heavy vs. light fabric, T-test, p=0.0028) when using textile-EDB to cover the cages (0/20 vs 10/10, Fisher exact, p<0.0001). This study demonstrated, in vivo, that widely available household textiles are 100% effective at preventing contamination of the environment and the exposed animals by microbe-carrying droplets."
f0xsisdg,Deducing the N- and O- glycosylation profile of the spike protein of novel coronavirus SARS-CoV-2,"The current emergence of the novel coronavirus pandemic caused by SARS-CoV-2 demands the development of new therapeutic strategies to prevent rapid progress of mortalities. The coronavirus spike (S) protein, which facilitates viral attachment, entry and membrane fusion is heavily glycosylated and plays a critical role in the elicitation of the host immune response. The spike protein is comprised of two protein subunits (S1 and S2), which together possess 22 potential N-glycosylation sites. Herein, we report the glycosylation mapping on spike protein subunits S1 and S2 expressed on human cells through high resolution mass spectrometry. We have characterized the quantitative N-glycosylation profile on spike protein and interestingly, observed unexpected O-glycosylation modifications on the receptor binding domain (RBD) of spike protein subunit S1. Even though O-glycosylation has been predicted on the spike protein of SARS-CoV-2, this is the first report of experimental data for both the site of O-glycosylation and identity of the O-glycans attached on the subunit S1. Our data on the N- and O-glycosylation is strengthened by extensive manual interpretation of each glycopeptide spectra in addition to using bioinformatics tools to confirm the complexity of glycosylation in the spike protein. The elucidation of the glycan repertoire on the spike protein provides insights into the viral binding studies and more importantly, propels research towards the development of a suitable vaccine candidate."
myqli11j,"The Novel Coronavirus, 2019-nCoV, is Highly Contagious and More Infectious Than Initially Estimated","The novel coronavirus (2019-nCoV) is a recently emerged human pathogen that has spread widely since January 2020. Initially, the basic reproductive number, R0, was estimated to be 2.2 to 2.7. Here we provide a new estimate of this quantity. We collected extensive individual case reports and estimated key epidemiology parameters, including the incubation period. Integrating these estimates and high-resolution real-time human travel and infection data with mathematical models, we estimated that the number of infected individuals during early epidemic double every 2.4 days, and the R0 value is likely to be between 4.7 and 6.6. We further show that quarantine and contact tracing of symptomatic individuals alone may not be effective and early, strong control measures are needed to stop transmission of the virus."
8lbznr71,Mutations can reveal how the coronavirus moves—but they’re easy to overinterpret,"Immediately after Christian Drosten published a genetic sequence of the novel coronavirus online on 28 February, he took to Twitter to issue a warning As the virus has raced around the world, more than 350 genome sequences have been shared on the online platform GISAID They hold clues to how the new virus, named severe acute respiratory syndrome coronavirus 2 (SARS-CoV-2), is spreading and evolving But because the sequences represent a tiny fraction of cases and show few telltale differences, they are easy to overinterpret, as Drosten realized A virologist at the Charité University Hospital in Berlin, he had sequenced the virus from a German patient infected with COVID-19 in Italy The genome looked similar to that of a virus found in a patient in Munich, the capital of Bavaria, more than 1 month earlier;both shared three mutations not seen in early sequences from China Drosten realized this could give rise to the idea that the Italian outbreak was “seeded” by the one in Bavaria, which state public health officials said had been quashed by tracing and quarantining all contacts of the 14 confirmed cases But he thought it was just as likely that a Chinese variant carrying the three mutations had taken independent routes to both countries The newly sequenced genome “is not sufficient to claim a link between Munich and Italy,” Drosten tweeted"
ghkz8bt6,"Brief review of coronavirus for healthcare professionals February 10, 2020","A novel epidemic is challenging the global health care system Starting from probably November to December 2019, another Coronavirus entered the arena of human pathogens, to be then defined 2019- nCoV [ ]"
azpz6e7q,Forecasting Covid-19 Outbreak Progression in Italian Regions: A model based on neural network training from Chinese data,"Background. Epidemiological figures of Covid19 epidemic in Italy are worse than those observed in China. Methods. We modeled the Covid19 outbreak in Italian Regions vs. Lombardy to assess the epidemics progression and predict peaks of new daily infections and total cases by learning from the entire Chinese epidemiological dynamics. We trained an artificial neural network model, a modified auto-encoder with Covid19 Chinese data, to forecast epidemic curve of the different Italian regions, and use the susceptible/exposed/infected/removed (SEIR) compartment model to predict the spreading and peaks. We have estimated the basic reproduction number (R0), which represents the average number of people that can be infected by a person who has already acquired the infection - both by fitting the exponential growth rate of the infection across a one month period, and also by using a day by day assessment, based on single observations. Results. The expected peak of SEIR model for new daily cases was at the end of March at national level. The peak of overall positive cases is expected by April 11th in Southern Italian Regions, a couple of days after that of Lombardy and Northern regions. According to our model, total confirmed cases in all Italy regions could reach 160,000 cases by April 30th and stabilize at a plateau. Conclusions. Training neural networks on Chinese data and use the knowledge to forecast Italian spreading of Covid19 has resulted in a good fit, measured with the mean average precision between official Italian data and the forecast."
fn9b7adi,"The effect of control strategies that reduce social mixing on outcomes of the COVID-19 epidemic in Wuhan, China","BACKGROUND: In December 2019, a novel strain of SARS-CoV-2 emerged in Wuhan, China. Since then, the city of Wuhan has taken unprecedented measures and efforts in response to the outbreak. METHODS: We quantified the effects of control measures on population contact patterns in Wuhan, China, to assess their effects on the progression of the outbreak. We included the latest estimates of epidemic parameters from a transmission model fitted to data on local and internationally exported cases from Wuhan in the age-structured epidemic framework. Further, we looked at the age-distribution of cases. Lastly, we simulated lifting of the control measures by allowing people to return to work in a phased-in way, and looked at the effects of returning to work at different stages of the underlying outbreak. FINDINGS: Changes in mixing patterns may have contributed to reducing the number of infections in mid-2020 by 92% (interquartile range: 66-97%). There are benefits to sustaining these measures until April in terms of reducing the height of the peak, overall epidemic size in mid-2020 and probability that a second peak may occur after return to work. However, the modelled effects of social distancing measures vary by the duration of infectiousness and the role school children play in the epidemic. INTERPRETATION: Restrictions on activities in Wuhan, if maintained until April, would likely contribute to the reduction and delay the epidemic size and peak, respectively. However, there are some limitations to the analysis, including large uncertainties around estimates of R0 and the duration of infectiousness."
3tfp9hug,Basic and effective reproduction numbers of COVID-19 cases in South Korea excluding Sincheonji cases,"In February and March 2020, COVID-19 epidemic in South Korea met a large black swan effect by a Sincheonji cult mass infection in Daegu-Gyeongbuk area. The black swan made it difficult to evaluate that the current policies for infection prevention including social distancing, closing schools, hand washing, and wearing masks good enough or not. Therefore, in this study, we evaluated basic reproduction number (R0) and time-dependent reproduction number (Rt) of confirmed cases based on various kinds of populations, including total, Daegu-Geyoengbuk, except-Daegu-Gyeongbuk, Sincheonji, and except-Sincheonji. In total, it seems the infection is going to be under control, but this is never true because in the except-Sincheonji and except-Daegu-Geyongbuk cases, R0 is still above 1.0, and Rt is drifting around 1.0. This study could be used to determine government policies in the near future."
ea78sjcs,Quantification of Intra-Host Genomic Diversity of SARS-CoV-2 Allows a High-Resolution Characterization of Viral Evolution and Reveals Functionally Convergent Variants,"A global cross-discipline effort is ongoing to characterize the evolution of SARS-CoV-2 virus and generate reliable epidemiological models of its diffusion. To this end, phylogenomic approaches leverage accumulating genomic mutations as barcodes to track the evolutionary history of the virus and can benefit from the surge of sequences deposited in public databases. Yet, such methods typically rely on consensus sequences representing the dominant virus lineage, whereas a complex sublineage architecture is often observed within single hosts. Furthermore, most approaches do not account for variants accumulation processes and might produce inaccurate results in condition of limited sampling, as witnessed in most countries affected by the epidemics. We introduce VERSO (Viral Evolution ReconStructiOn), a new comprehensive framework for the characterization of viral evolution and transmission from sequencing data of viral genomes. our approach accounts for accumulation of clonal mutations and uncertainty in the data, by taking advantage of the achievements of research in cancer evolution, to deliver robust phylogenomic lineage models, and exploits intra-host variant frequency profiles to characterize the sublineage similarity among samples, which may derive from uncovered infection events. The application of our approach to RNA-sequencing data of 162 SARS-CoV-2 samples generates a high-resolution model of evolution and spread, which improves recent findings on viral types and highlights the existence of patterns of co-occurrence of minor variants, revealing likely infection paths among hosts harboring the same viral lineage. The in-depth analysis of the mutational landscape of SARS-CoV-2 confirms a statistically significant increase of genomic diversity in time and identifies a number of variants that are transiting from minor to clonal state in the population. We also show that standard phylogenetic methods can produce unreliable results when handling datasets with noise and sampling limitations, as proven by the further application of VERSO to 12419 consensus sequences included in GISAID database. Notably, VERSO allows to pinpoint minor variants that might be positively or negatively selected across distinct lineages, thus driving the design of treatments and vaccines. In particular, minor variant g.29039A>U, detected in multiple viral lineages and validated on independent samples, shows that SARS-CoV-2 can lose its main Nucleocapsid immunogenic epitopes, raising concerns about the effectiveness of vaccines targeting the C-terminus of this protein. Finally, we here release the likely SARS-CoV-2 ancestral genome, obtained by resolving ambiguous SNPs that distinguish two widely-used reference genomes from human samples, by employing the Pangolin-CoV and the Bat-CoV-RaTG13 genomes. Our results show that the joint application of our framework and data-driven epidemiological models might allow to deliver a high-resolution platform for pathogen surveillance and analysis."
wf0hlhim,Afucosylated immunoglobulin G responses are a hallmark of enveloped virus infections and show an exacerbated phenotype in COVID-19,"IgG antibodies are crucial for protection against invading pathogens. A highly conserved N-linked glycan within the IgG-Fc-tail, essential for IgG function, shows variable composition in humans. Afucosylated IgG variants are already used in anti-cancer therapeutic antibodies for their elevated binding and killing activity through Fc receptors (FcγRIIIa). Here, we report that afucosylated IgG which are of minor abundance in humans (∼6% of total IgG) are specifically formed against surface epitopes of enveloped viruses after natural infections or immunization with attenuated viruses, while protein subunit immunization does not elicit this low fucose response. This can give beneficial strong responses, but can also go awry, resulting in a cytokine-storm and immune-mediated pathologies. In the case of COVID-19, the critically ill show aggravated afucosylated-IgG responses against the viral spike protein. In contrast, those clearing the infection unaided show higher fucosylation levels of the anti-spike protein IgG. Our findings indicate antibody glycosylation as a potential factor in inflammation and protection in enveloped virus infections including COVID-19."
vwu27sw2,UV Sterilization of Personal Protective Equipment with Idle Laboratory Biosafety Cabinets During the Covid-19 Pandemic,"Personal protective equipment (PPE), including surgical masks and N95 respirators, is crucially important to the safety of both patients and medical personnel, particularly in the event of infectious pandemics. As the incidence of Coronavirus Disease (COVID-19) is increasing exponentially in the United States and worldwide, healthcare provider demand for these necessities is currently outpacing supply. As such, strategies to safely expand the lifespan of the supply of medical equipment are critically important. In the recent days, weeks, and months, in the midst of the current pandemic, there has been a concerted effort to identify viable ways to conserve Personal Protective Equipment, including sterilization after use. Some hospitals have already begun using UV-C light to sterilize N95 respirators, but many lack the space or equipment to implement existing protocols. In this study, we outline a procedure by which N95 respirators may be sterilized using ultraviolet (UV) radiation in biosafety cabinets (BSCs), a common element of many academic, public health, and hospital laboratories. The primary obstacle to this approach is the possibility the UV radiation levels vary within BSCs. To account for this potential variation in dosing across the base of the BSC, we tested the UV-C radiation in two randomly chosen idle BSCs in our research institute and observed a maximum ratio between the minimum and maximum recorded intensities within a given BSC to be 1.98. Based on these values, we calculated that an N95 mask placed within a BSC with a manufacturer reported fluence of 100 W/cm^2 should be effectively sanitized for reuse after approximately 15-20 minutes per side. Our results provide support to healthcare organizations looking for alternative methods to extend their reserves of PPE. It is our hope that with an easily implemented strategy, as we have presented here, idle BSCs can be utilized to alleviate the PPE shortage by providing a way to sterilize PPE to allow safe daily re-use. This should be tested on a larger scale, and confirmed in a virology laboratory before adoption, though we contend that in extremis, this method would be preferred compared to re-use without sterilization."
08p8ns2d,SARS-CoV-2 activates lung epithelia cell proinflammatory signaling and leads to immune dysregulation in COVID-19 patients by single-cell sequencing,"Objective: The outbreak of Coronavirus disease 2019 (COVID-19) caused by SARS-CoV-2 infection has become a global health emergency. We aim to decipher SARS-CoV-2 infected cell types, the consequent host immune response and their interplay in the lung of COVID-19 patients. Design: We analyzed single-cell RNA sequencing (scRNA-seq) data of lung samples from 17 subjects (6 severe COVID-19 patients, 3 mild patients who recovered and 8 healthy controls). The expression of SARS-CoV-2 receptors (ACE2 and TMPRSS2) was examined among different cell types in the lung. The immune cells infiltration patterns, their gene expression profiles, and the interplay of immune cells and SARS-CoV-2 target cells were further investigated. Results: Compared to healthy controls, the overall ACE2 (receptor of SARS-CoV-2) expression was significantly higher in lung epithelial cells of COVID-19 patients, in particular in ciliated cell, club cell and basal cell. Comparative transcriptome analysis of these lung epithelial cells of COVID-19 patients and healthy controls identified that SARS-CoV-2 infection activated pro-inflammatory signaling including interferon pathway and cytokine signaling. Moreover, we identified dysregulation of immune response in patients with COVID-19. In severe COVID-19 patients, significantly higher neutrophil, but lower T and NK cells in lung were observed along with markedly increased cytokines (CCL2, CCL3, CCL4, CCL7, CCL3L1 and CCL4L2) compared with healthy controls as well as mild patients who recovered. The cytotoxic phenotypes were shown in lung T and NK cells of severe patients as evidenced by enhanced IFN{gamma}, Granulysin, Granzyme B and Perforin expression. Moreover, SARS-CoV-2 infection altered the community interplay of lung epithelial cells and immune cells: the interaction between epithelial cells with macrophage, T and NK cell was stronger, but their interaction with neutrophils was lost in COVID-19 patients compared to healthy controls. Conclusions: SARS-CoV-2 infection activates pro-inflammatory signaling in lung epithelial cells expressing ACE2 and causes dysregulation of immune response to release more pro-inflammatory cytokines. Moreover, SARS-CoV-2 infection breaks the interplay of lung epithelial cells and immune cells."
kjjlxdpp,Clinical Characteristics of Coronavirus Pneumonia 2019 (COVID-19): An Updated Systematic Review,"OBJECTIVE Clinical characteristics of novel coronavirus pneumonia (COVID-19) have been described in numerous studies but yielded varying results. We aimed to conduct a systematic review on scientific literatures and to synthesize critical data on clinical traits of COVID-19 from its initial outbreak to pandemic. METHODS Systematic searches were conducted to identify retrospective observational study that contained clinical characteristics on COVID-19 through multiple databases. Two reviewers independently evaluated eligible publications. Data on clinical characteristics of COVID-19 were extracted and analyzed. RESULTS Seventy-two retrospective studies demonstrating the clinical characteristics of COVID-19 were included. A total of 3470 COVID-19 patients were synthesized to the final analysis in an unbiased manner. The most common symptom was fever (2878 [83.0%]), and 63.4% of the patients presented fever as onset symptom. There were 2528 [88.2%] of 2866 cases had abnormal lung findings on chest CT scan. Laboratory findings showed that 1498 [62.8%] of 2387 cases had lymphopenia, and 1354 [64.8%] of 2091 cases had an increased level of C-reactive protein (CRP). A total of 185 [11.5%] patients were admitted to intensive care unit (ICU) while the overall case fatality rate (CFR) was 3.7%. Compared to patients admitted outside of Hubei, China, those from Hubei had a significant higher ICU admission rate (21.9% vs. 2.5%, p<0.001). Also, CFR attributed to COVID-19 was significantly higher in Hubei than that of non-Hubei admissions (10.4% vs. 0.6%, p<0.001). INTERPRETATION This large patient-based systematic review presents a more precise profiling of the COVID-19 from its outbreak to current pandemic. Dynamic evolvements of COVID-19 are needed to be characterized in future studies."
eoxrh2sl,"Transmission potential of the novel coronavirus (COVID-19) onboard the Diamond Princess Cruises Ship, 2020","An outbreak of COVID-19 developed aboard the Princess Cruises Ship during January-February 2020. Using mathematical modeling and time-series incidence data describing the trajectory of the outbreak among passengers and crew members, we characterize how the transmission potential varied over the course of the outbreak. Our estimate of the mean reproduction number in the confined setting reached values as high as ~11, which is higher than mean estimates reported from community-level transmission dynamics in China and Singapore (approximate range: 1.1-7). Our findings suggest that Rt decreased substantially compared to values during the early phase after the Japanese government implemented an enhanced quarantine control. Most recent estimates of Rt reached values largely below the epidemic threshold, indicating that a secondary outbreak of the novel coronavirus was unlikely to occur aboard the Diamond Princess Ship."
uhru7rn8,Whole-Genome Sequences of the Severe Acute Respiratory Syndrome Coronavirus-2 obtained from Romanian patients between March and June of 2020,"Impact of mutations on the evolution of Severe Acute Respiratory Syndrome Coronavirus-2 (SARS-CoV-2) are needed for ongoing global efforts to track and trace the current pandemic, in order to enact effective prevention and treatment options. SARS-Co-V-2 viral genomes were detected and sequenced from 18 Romanian patients suffering from coronavirus disease-2019. Viral Spike S glycoprotein sequences were used to generate model structures and assess the role of mutations on protein stability. We integrated the phylogenetic tree within the available European SARS-Co-V-2 genomic sequences. We further provide an epidemiological overview of the pre-existing conditions that are lethal in relevant Romanian patients. Non-synonymous mutations in the viral Spike glycoprotein relating to infectivity are constructed in models of protein structures. Continuing search to limit and treat SARS-CoV-2 benefit from our contribution in delineating the viral Spike glycoprotein mutations, as well as from assessment of their role on protein stability or complex formation with human receptor angiotensin-converting enzyme 2. Our results help implement and extend worldwide genomic surveillance of coronavirus disease-2019."
u8i3kbl4,The 2019 Novel Coronavirus Outbreak - A Global Threat.,"The 2019 Novel Corona virus infection (COVID 19) is an ongoing public health emergency of international significance. There are significant knowledge gaps in the epidemiology, transmission dynamics, investigation tools and management. In this article, we review the available evidence about this disease. Every decade has witnessed the evolution of a new coronavirus epidemic since the last three decades. The varying transmission patterns, namely, nosocomial transmission and spread through mildly symptomatic cases is an area of concern. There is a spectrum of clinical features from mild to severe life threatening disease with major complications like severe pneumonia, ARDS, acute cardiac injury and septic shock. Presence of bilateral ground glass opacity and consolidation on imaging in appropriate clinical background should raise a suspicion about COVID 19. Poor prognostic factors include Multilobular infiltration on chest imaging, Lymphopenia, Bacterial co-infection, Smoking history, Chronic medical conditions like Hypertension and age >60 years (MuLBSTA score). Diagnosis is confirmed with PCR based testing of appropriate respiratory samples. Management is primarily supportive, with newer antivirals (lopinavir ritonavir and Remdesivir) under investigation. Role of steroids is still inconclusive. Standard infection control and prevention techniques should be followed. Vigilant screening of suspected cases and their contacts is important. Isolation of symptomatic cases and home quarantine of asymptomatic contacts is recommended. To conclude, controlling this highly transmissible disease requires international co-ordination."
0mcixa4c,Promoting best practices for control of respiratory infections: collaboration between primary care and public health services.,"OBJECTIVE To determine the effectiveness of a short-term intervention to promote best practices for control of respiratory infections in primary care physicians' offices. DESIGN Before-after observational study. SETTING Family physicians' offices in Ottawa, Ont. PARTICIPANTS General practitioners and office staff. INTERVENTIONS Four infection-control practices (use of masks, alcohol-based hand gel, and signs, and asking patients to sit at least 1 m apart in the waiting room) were observed, and 2 reported infection-control practices (disinfecting surfaces and use of hand-gel dispensers in examining rooms) were audited before the intervention and 6 weeks after the intervention. MAIN OUTCOME MEASURES Percentage of patients asked to use masks and alcohol-based hand gel, number of relevant signs, and percentage of patients asked to sit at least 1 m away from other patients. Percentage of surfaces disinfected and percentage of physicians using hand-gel dispensers in examining rooms. RESULTS Of 242 practices invited, 53 agreed to participate (22% response rate), and within those practices, 143/151 (95%) physicians participated. Signs regarding respiratory infection control measures increased from 15.4% to 81.1% following the intervention (P < .001). At least 1 patient with cough and fever was given a mask in 17% of practices before the intervention; during the observation period after the intervention, at least 1 patient was given a mask in 66.7% of practices (P < .001). Patients were instructed to use alcohol-based hand gel in 24.5% of practices before the intervention and in 79.2% of practices after it (P < .001). Instruction to sit at least 1 m from others in the waiting area was given in 39.6% of practices before the intervention and in 52.8% of practices following the intervention (P < .001). Before the intervention, the percentage of practices using all 4 audited primary prevention measures was 3.8%; after the intervention, 52.8% of practices were using them (P < .001), demonstrating a 49% increase in adoption of best practices. CONCLUSION A multifaceted intervention by public health nurses successfully promoted best practices for control of respiratory infections in primary care offices. Collaboration between public health services and primary care can promote best practices and warrants further study and development in areas of common interest."
fskfnmig,Renin-Angiotensin-Aldosterone System Inhibitors and Risk of Covid-19,"BACKGROUND: There is concern about the potential of an increased risk related to medications that act on the renin-angiotensin-aldosterone system in patients exposed to coronavirus disease 2019 (Covid-19), because the viral receptor is angiotensin-converting enzyme 2 (ACE2). METHODS: We assessed the relation between previous treatment with ACE inhibitors, angiotensin-receptor blockers, beta-blockers, calcium-channel blockers, or thiazide diuretics and the likelihood of a positive or negative result on Covid-19 testing as well as the likelihood of severe illness (defined as intensive care, mechanical ventilation, or death) among patients who tested positive. Using Bayesian methods, we compared outcomes in patients who had been treated with these medications and in untreated patients, overall and in those with hypertension, after propensity-score matching for receipt of each medication class. A difference of at least 10 percentage points was prespecified as a substantial difference. RESULTS: Among 12,594 patients who were tested for Covid-19, a total of 5894 (46.8%) were positive; 1002 of these patients (17.0%) had severe illness. A history of hypertension was present in 4357 patients (34.6%), among whom 2573 (59.1%) had a positive test; 634 of these patients (24.6%) had severe illness. There was no association between any single medication class and an increased likelihood of a positive test. None of the medications examined was associated with a substantial increase in the risk of severe illness among patients who tested positive. CONCLUSIONS: We found no substantial increase in the likelihood of a positive test for Covid-19 or in the risk of severe Covid-19 among patients who tested positive in association with five common classes of antihypertensive medications."
cxrqww06,A novel coronavirus (2019-nCoV) causing pneumonia-associated respiratory syndrome,
o8bkorjn,Vaccines for COVID-19: The current state of play,"There is a strong consensus globally that a COVID-19 vaccine is likely the most effective approach to sustainably controlling the COVID-19 pandemic. An unprecedented research effort and global coordination has resulted in a rapid development of vaccine candidates and initiation of trials. Here, we review vaccine types, and progress with 10 vaccine candidates against SARS-CoV-2 - the virus that causes COVID-19 - currently undergoing early phase human trials. We also consider the many challenges of developing and deploying a new vaccine on a global scale, and recommend caution with respect to our expectations of the timeline that may be ahead."
3kmxzbm7,COVID-19 (Novel Coronavirus 2019) - recent trends,"The World Health Organization (WHO) has issued a warning that, although the 2019 novel coronavirus (COVID-19) from Wuhan City (China), is not pandemic, it should be contained to prevent the global spread. The COVID-19 virus was known earlier as 2019-nCoV. As of 12 February 2020, WHO reported 45,171 cases and 1115 deaths related to COVID-19. COVID-19 is similar to Severe Acute Respiratory Syndrome coronavirus (SARS-CoV) virus in its pathogenicity, clinical spectrum, and epidemiology. Comparison of the genome sequences of COVID-19, SARS-CoV, and Middle East Respiratory Syndrome coronavirus (MERS-CoV) showed that COVID-19 has a better sequence identity with SARS-CoV compared to MERS CoV. However, the amino acid sequence of COVID-19 differs from other coronaviruses specifically in the regions of 1ab polyprotein and surface glycoprotein or S-protein. Although several animals have been speculated to be a reservoir for COVID-19, no animal reservoir has been already confirmed. COVID-19 causes COVID-19 disease that has similar symptoms as SARS-CoV. Studies suggest that the human receptor for COVID-19 may be angiotensin-converting enzyme 2 (ACE2) receptor similar to that of SARS-CoV. The nucleocapsid (N) protein of COVID-19 has nearly 90% amino acid sequence identity with SARS-CoV. The N protein antibodies of SARS-CoV may cross react with COVID-19 but may not provide cross-immunity. In a similar fashion to SARS-CoV, the N protein of COVID-19 may play an important role in suppressing the RNA interference (RNAi) to overcome the host defense. This mini-review aims at investigating the most recent trend of COVID-19."
13z63d4y,SARS-CoV-2 SPIKE PROTEIN: an optimal immunological target for vaccines,"COVID-19 has rapidly spread all over the world, progressing into a pandemic. This situation has urgently impelled many companies and public research institutes to concentrate their efforts on research for effective therapeutics. Here, we outline the strategies and targets currently adopted in developing a vaccine against SARS-CoV-2. Based on previous evidence and experience with SARS and MERS, the primary focus has been the Spike protein, considered as the ideal target for COVID-19 immunotherapies."
5dfg0f5d,Seasonality of Respiratory Viral Infections,"The seasonal cycle of respiratory viral diseases has been widely recognized for thousands of years, as annual epidemics of the common cold and influenza disease hit the human population like clockwork in the winter season in temperate regions. Moreover, epidemics caused by viruses such as severe acute respiratory syndrome coronavirus (SARS-CoV) and the newly emerging SARS-CoV-2 occur during the winter months. The mechanisms underlying the seasonal nature of respiratory viral infections have been examined and debated for many years. The two major contributing factors are the changes in environmental parameters and human behavior. Studies have revealed the effect of temperature and humidity on respiratory virus stability and transmission rates. More recent research highlights the importance of the environmental factors, especially temperature and humidity, in modulating host intrinsic, innate, and adaptive immune responses to viral infections in the respiratory tract. Here we review evidence of how outdoor and indoor climates are linked to the seasonality of viral respiratory infections. We further discuss determinants of host response in the seasonality of respiratory viruses by highlighting recent studies in the field. Expected final online publication date for the Annual Review of Virology, Volume 7 is September 29, 2020. Please see http://www.annualreviews.org/page/journal/pubdates for revised estimates."
htbgb8r3,What Does the COVID-19 Pandemic Mean for Rheumatology Patients?,"Purpose of review: The COVID-19 outbreak has resulted in uncertainty for patients with autoimmune rheumatic diseases for several reasons. They are concerned about their risk of developing COVID-19 as many are immune suppressed from their disease and/or treatment, whether they should stop their advanced therapies, if they will have a worse outcome if/when infected due to their underlying medication condition(s) and if they will have drug availability, especially with press (without much data) coverage suggesting hydroxychloroquine may be used in COVID-19 infection causing diversion of medication supply. This article discusses how the pandemic affects people with systemic autoimmune rheumatic diseases. Recent findings: Preliminarily, articles seem to suggest that patients with rheumatic diseases may not have more infections from SARS-CoV-2 and similar outcomes to age and gender matched patients, but fear of rheumatic medications increasing their risk, drug shortages, and work exposure all are concerns for patients. Recent findings: The long term effects of the pandemic in patients with rheumatic diseases will not be known until much later and likely include stressors flaring disease (fear, illness, job loss, social isolation), post-traumatic stress, flaring due to stopping medications, less physician visits with subsequent under-treatment, and increases in chronic concomitant fatigue, pain, fibromyalgia."
h9yxf0lr,Strengthening ICU health security for a coronavirus epidemic,
5gwqiotz,COVID-19: a new challenge for human beings,
ct67dmgg,Olfactory and Gustatory Dysfunction in Coronavirus Disease 19 (COVID-19),"Coronavirus-disease-2019 (COVID-19) caused by the severe-acute-respiratory-syndrome-coronavirus-2 (SARS-CoV-2) shows a rapid spread over-the-world. Given scarce resources, non-laboratory diagnostics is crucial. In this cross-sectional study, two-thirds of European patients with polymerase chain reaction confirmed COVID-19 reported olfactory and gustatory dysfunction, indicating the significance of this history in the early diagnostics."
rvo73h2l,Neurological manifestations of COVID-19: a review of what we know so far,"Coronavirus disease 2019 (COVID-19) has become a pandemic disease globally. While it mostly presents with respiratory symptoms, it has already been found that it could manifest with a series of neurological symptoms as well, either at presentation or during the course of the disease. Symptoms vary from non-specific such as headache or dizziness to more specific such as convulsions and cerebrovascular disease (CVD). This study aims to give an overview of the neurological manifestations of COVID-19 and discuss the potential pathogenetic mechanisms of central nervous system (CNS) involvement. Clinicians and especially internists, neurologists, and infectious disease specialists should be aware of these symptoms and able to recognize them early. Prompt diagnosis and immediate management of the neurological manifestations of the novel coronavirus will not only improve the prognosis of COVID-19 patients but will also prevent the dissemination of the disease due to misdiagnosed cases."
aj9p4g7y,Implication of SARS-CoV-2 evolution in the sensitivity of RT-qPCR diagnostic assays,
7whskpy0,Modelling the downhill of the Sars-Cov-2 in Italy and a universal forecast of the epidemic in the world,"In a previous article [1] we have described the temporal evolution of the Sars- Cov-2 in Italy in the time window February 24-April 1. As we can see in [1] a generalized logistic equation captures both the peaks of the total infected and the deaths. In this article our goal is to study the missing peak, i.e. the currently infected one (or total currently positive). After the April 7 the large increase in the number of swabs meant that the logistical behavior of the infected curve no longer worked. So we decided to generalize the model, introducing new parameters. Moreover, we adopt a similar approach used in [1] (for the estimation of deaths) in order to evaluate the recoveries. In this way, introducing a simple conservation law, we define a model with 4 populations: total infected, currently positives, recoveries and deaths. Therefore, we propose an alternative method to a classical SIRD model for the evaluation of the Sars-Cov-2 epidemic. However, the method is general and thus applicable to other diseases. Finally we study the behavior of the ratio infected over swabs for Italy, Germany and USA, and we show as studying this parameter we recover the generalized Logistic model used in [1] for these three countries. We think that this trend could be useful for a future epidemic of this coronavirus."
g2285g5z,A Case of Novel Coronavirus Disease 19 in a Chronic Hemodialysis Patient Presenting with Gastroenteritis and Developing Severe Pulmonary Disease,"Novel coronavirus disease 2019 (COVID-19) is a highly infectious, rapidly spreading viral disease with an alarming case fatality rate up to 5%. The risk factors for severe presentations are concentrated in patients with chronic kidney disease, particularly patients with end-stage renal disease (ESRD) who are dialysis dependent. We report the first US case of a 56-year-old nondiabetic male with ESRD secondary to IgA nephropathy undergoing thrice-weekly maintenance hemodialysis for 3 years, who developed COVID-19 infection. He has hypertension controlled with angiotensin receptor blocker losartan 100 mg/day and coronary artery disease status-post stent placement. During the first 5 days of his febrile disease, he presented to an urgent care, 3 emergency rooms, 1 cardiology clinic, and 2 dialysis centers in California and Utah. During this interval, he reported nausea, vomiting, diarrhea, and low-grade fevers but was not suspected of COVID-19 infection until he developed respiratory symptoms and was admitted to the hospital. Imaging studies upon admission were consistent with bilateral interstitial pneumonia. He was placed in droplet-eye precautions while awaiting COVID-19 test results. Within the first 24 h, he deteriorated quickly and developed acute respiratory distress syndrome (ARDS), requiring intubation and increasing respiratory support. Losartan was withheld due to hypotension and septic shock. COVID-19 was reported positive on hospital day 3. He remained in critical condition being treated with hydroxychloroquine and tocilizumab in addition to the standard medical management for septic shock and ARDS. Our case is unique in its atypical initial presentation and highlights the importance of early testing."
f3pdbv1g,Overview of Covid-19 regarding the cardiovascular situation in the light of current reports,"Nowadays coronavirus disease 2019 (Covid-19) is increasing mortality all over the world mercilessly. We are learning almost every day about its new symptoms and that it mutates quickly. This disease ties us up and leaves us desperate. Death from this disease has increased in patients who had with pre-existing medical conditions, especially cardiovascular ones, by eliminating the angiotensin-converting enzyme (ACE)-2 receptor in the lungs. Also, ACE1 and angiotensin receptor blockers (ARB) may stimulate ACE2 expression and worse the prognosis. Intravenous infusions of ACEIs and ARBs in experimental animals increase the numbers of ACE2 receptors. So, it may be one of the reasons that COVID-19 infects the cells of patients treating hypertension. However, most of the congress of cardiology do not recommend discontinue of these anti-hypertensive drugs. Therefore, this brief report evaluates Covid-19 in the view of cardiovascular diseases taking into account current reports and suggests some possible solutions to keep the virus under control."
rucvvyf9,Identification of the hyper-variable genomic hotspot for the novel coronavirus SARS-CoV-2,
eq2ahtlc,Vaccination strategies to combat novel corona virus SARS-CoV-2,"The 2019-novel coronavirus disease (COVID-19) is caused by SARS-CoV-2 is transmitted from human to human has recently reported in China. Now COVID-19 has been spread all over the world and declared epidemics by WHO. It has caused a Public Health Emergency of International Concern. The elderly and people with underlying diseases are susceptible to infection and prone to serious outcomes, which may be associated with acute respiratory distress syndrome (ARDS) and cytokine storm. Due to the rapid increase of SARS-CoV-2 infections and unavailability of antiviral therapeutic agents, developing an effective SAR-CoV-2 vaccine is urgently required. SARS-CoV-2 which is genetically similar to SARS-CoV and Middle East respiratory syndrome coronavirus (MERS-CoV) is an enveloped, single and positive-stranded RNA virus with a genome comprising 29,891 nucleotides, which encode the 12 putative open reading frames responsible for the synthesis of viral structural and nonstructural proteins which are very similar to SARS-CoV and MERS-CoV proteins. In this review we have summarized various vaccine candidates i.e., nucleotide, subunit and vector based as well as attenuated and inactivated forms, which have already been demonstrated their prophylactic efficacy against MERS-CoV and SARS-CoV, so these candidates could be used as a potential tool for the development of a safe and effective vaccine against SARS-CoV-2."
opra4r47,Clinical Characteristics and Outcomes of 421 Patients With COVID-19 Treated in a Mobile Cabin Hospital,"BACKGROUND: In December 2019, a novel coronavirus-associated pneumonia, now known as coronavirus disease 2019 (COVID-19), was first detected in Wuhan, China. To prevent the rapid spread of the severe acute respiratory syndrome coronavirus 2 (SARS-CoV-2) and treat patients with mild symptoms, sports stadiums and convention centers were reconstructed into mobile hospitals. RESEARCH QUESTION: It is unknown whether a mobile cabin hospital can provide a safe treatment site for patients with mild COVID-19 symptoms. STUDY DESIGN AND METHODS: This study retrospectively reviewed the medical records of 421 patients with COVID-19 admitted to a mobile cabin hospital in Wuhan from February 9, 2020, to March 5, 2020. Clinical data comprised patient age, sex, clinical presentation, chest imaging, nucleic acid testing, length of hospitalization, and outcomes. RESULTS: Of the patients who were discharged from the cabin hospital, 362 (86.0%) were categorized as recovered; 14.0% developed severe symptoms and were transferred to a designated hospital. The most common presenting symptoms were fever (60.6%) and cough (52.0%); 5.2% exhibited no obvious symptoms. High fever (> 39.0°C) was more common in severe cases than in recovered cases (18.6% vs 6.6%). The distribution of lung lesions was peripheral in 85.0% of patients, multifocal in 69.4%, and bilateral in 68.2%. The most common pattern was ground-glass opacity (67.7%), followed by patchy shadowing (49.2%). The incidence of patchy shadowing was higher in patients with severe disease (66.1%) than in those who recovered (31.8%, P < .0001). The median length of hospitalization was 17 days (interquartile range, 14-19 days), and the median time taken for positive real-time reverse transcriptase polymerase chain reaction results to become negative in recovered patients was 8 days (interquartile range, 6-10 days). INTERPRETATION: Mobile cabin hospitals provide a safe treatment site for patients with mild COVID-19 symptoms and offer an effective isolation area to prevent the spread of severe acute respiratory syndrome coronavirus 2."
xwqxji63,Clinical and Transmission Characteristics of Covid-19 - A Retrospective Study of 25 Cases from a Single Thoracic Surgery Department,"The outbreak of corona virus disease 2019 (Covid-19) imposes a major challenge in managing patients undergoing surgical operation. In this study, we analyzed clinical and transmission features of 25 cases of Covid-19 from a single thoracic department, including 13 patients and 12 health care staff. There were 13 males and 12 females. The median age of the patients was 61 (range: 51 to 69) years. The median age of the health care staff was 35 (range: 22 to 51) years. By the end of follow-up date (Mar. 3, 2020), there were 16 non-severe cases (64%) and 9 severe cases (36%), 5 cases were dead (20%). Nineteen (76%) of the infected cases were confirmed by SARS-CoV-2 nucleic acid test, the rest were clinically diagnosed as suspected Covid-19 cases, and 19 (76%) of the infected cases had positive exposure history. We found that COPD was significantly associated with severity and death (P=0.040, and P=0.038, respectively), and chest operation was significantly associated with death for Covid-19 patients (P=0.039). A potential ""super spreader"" may be the source of the transmission before the implementation of quarantine and comprehensive protection. It was concluded that Covid-19 is associated with poor prognosis for patients undergoing thoracic operation, especially for those with COPD. Implementation of comprehensive protective measures is important to control nosocomial infection."
l95w54by,Infectious diseases in children and adolescents in China: analysis of national surveillance data from 2008 to 2017,"OBJECTIVES: To outline which infectious diseases in the pre-covid-19 era persist in children and adolescents in China and to describe recent trends and variations by age, sex, season, and province. DESIGN: National surveillance studies, 2008-17. SETTING: 31 provinces in mainland China. PARTICIPANTS: 4 959 790 Chinese students aged 6 to 22 years with a diagnosis of any of 44 notifiable infectious diseases. The diseases were categorised into seven groups: quarantinable; vaccine preventable; gastrointestinal and enteroviral; vectorborne; zoonotic; bacterial; and sexually transmitted and bloodborne. MAIN OUTCOME MEASURES: Diagnosis of, and deaths from, 44 notifiable infectious diseases. RESULTS: From 2008 to 2017, 44 notifiable infectious diseases were diagnosed in 4 959 790 participants (3 045 905 males, 1 913 885 females) and there were 2532 deaths (1663 males, 869 females). The leading causes of death among infectious diseases shifted from rabies and tuberculosis to HIV/AIDS, particularly in males. Mortality from infectious diseases decreased steadily from 0.21 per 100 000 population in 2008 to 0.07 per 100 000 in 2017. Quarantinable conditions with high mortality have effectively disappeared. The incidence of notifiable infectious diseases in children and adolescents decreased from 280 per 100 000 in 2008 to 162 per 100 000 in 2015, but rose again to 242 per 100 000 in 2017, largely related to mumps and seasonal influenza. Excluding mumps and influenza, the incidence of vaccine preventable diseases fell from 96 per 100 000 in 2008 to 7 per 100 000 in 2017. The incidence of gastrointestinal and enterovirus diseases remained constant, but typhoid, paratyphoid, and dysentery continued to decline. Vectorborne diseases all declined, with a particularly noticeable reduction in malaria. Zoonotic infections remained at low incidence, but there were still unpredictable outbreaks, such as pandemic A/H1N1 2009 influenza. Tuberculosis remained the most common bacterial infection, although cases of scarlet fever doubled between 2008 and 2017. Sexually transmitted diseases and bloodborne infections increased significantly, particularly from 2011 to 2017, among which HIV/AIDS increased fivefold, particularly in males. Difference was noticeable between regions, with children and adolescents in western China continuing to carry a disproportionate burden from infectious diseases. CONCLUSIONS: China's success in infectious disease control in the pre-covid-19 era was notable, with deaths due to infectious diseases in children and adolescents aged 6-22 years becoming rare. Many challenges remain around reducing regional inequalities, scaling-up of vaccination, prevention of further escalation of HIV/AIDS, renewed efforts for persisting diseases, and undertaking early and effective response to highly transmissible seasonal and unpredictable diseases such as that caused by the novel SARS-CoV-2 virus."
dabvq226,Dysfunctional Coagulation in COVID-19: From Cell to Bedside,"Severe acute respiratory syndrome coronavirus 2 (SARS-CoV-2) causes coronavirus disease 2019 (COVID-19), which can induce multisystem disease. Human angiotensin-converting enzyme 2 (ACE2) widely expressing in arterial and venous endothelial cells and arterial smooth muscle cells has been identified as a functional receptor for SARS-CoV-2. Dysfunction of ACE2 leads to abnormal activation of the renin-angiotensin system and a systemic endotheliitis that may relate to abnormal coagulation and sepsis. Meanwhile, innate immune response and inflammation activation participate in dysfunctional coagulation. Previous research indicated that dysfunctional coagulation was one of the important risk factors accountable for a high risk of severe disease and death in patients with COVID-19. Understanding the possible mechanisms of dysfunctional coagulation and appropriate anticoagulation therapeutic strategies are important to prevent disease deterioration and reduce fatality rates during the ongoing COVID-19 pandemic."
gwx0ay20,Clinical Characteristics of COVID-19 Infection in Newborns and Pediatrics: A Systematic Review,"Introduction: World Health Organization has declared COVID-19 a pandemic and a global health emergency Thus, it is necessary to clearly characterize clinical manifestations and management of COVID-19 infection in children to provide accurate information for healthcare workers Accordingly, the present study was designed to review articles published on clinical manifestations and characteristics of children and infants with COVID-19 Methods: In this systematic review, medical databases including Cochrane Library, Web of Science, Embase, Scopus, SID, Medline, WHO and LitCovid were searched using English and Persian keywords including COVID-19, Pediatrics, Newborn, Coronavirus 2019, 2019-nCoV, SARS-CoV-2 Finally, data of 14 related articles were included in the study Results: A total of 2228 children, newborns and infants were studied Clinical manifestation in children may be mild (72%), moderate (22%) or severe (6%), and the most common symptoms include dry cough (91%) and fever (96%) According to the included articles, two children had died, one of which was a 14-year-old boy and his exposure history and underlying disease were unclear, and the other was a male newborn with gestational age of 35 weeks and 5 days, birth weight of 2200, Apgar score of 8, 8 (1 min and 5 min) and his first symptom was increased heart rate No differences were found between male and female children regarding infection with COVID-19 Conclusion: Most pediatrics were infected with COVID-19 due to family cluster or history of close contact Infected children have relatively milder clinical symptoms compared to infected adults We should pay special attention to early diagnosis and early treatment in children infected with COVID-19"
rml2z32n,Corticosteroid treatment in severe COVID-19 pneumonia: two cases and literature review,"Coronavirus disease 2019 (COVID-19) pneumonia, firstly reported in Wuhan, Hubei province, China, has rapidly spread around the world with high mortality rate among critically ill patients. The use of corticosteroids in COVID-19 remains a major controversy. Available evidences are inconclusive. According to WHO guidance, corticosteroids are not recommended to be used unless for another reason. Chinese Thoracic Society (CTS) proposes an expert consensus statement that suggests taking a prudent attitude of corticosteroid usage. In our clinical practice, we do not use corticosteroids routinely; only low-to-moderate doses of corticosteroids were given to several severely ill patients prudently. In this paper, we will present two confirmed severe COVID-19 cases admitted to isolation wards in Optical Valley Campus of Tongji hospital, Tongji Medical College, Huazhong University of Science and Technology. We will discuss questions related to corticosteroids usages."
4ffuivil,The COVID-19 Social Media Infodemic,"We address the diffusion of information about the COVID-19 with a massive data analysis on Twitter, Instagram, YouTube, Reddit and Gab. We analyze engagement and interest in the COVID-19 topic and provide a differential assessment on the evolution of the discourse on a global scale for each platform and their users. We fit information spreading with epidemic models characterizing the basic reproduction numbers $R_0$ for each social media platform. Moreover, we characterize information spreading from questionable sources, finding different volumes of misinformation in each platform. However, information from both reliable and questionable sources do not present different spreading patterns. Finally, we provide platform-dependent numerical estimates of rumors' amplification."
9rkfo0fj,[Analysis of the first cluster of cases in a family of COVID-19 in Gansu Province],"The epidemiological history and clinical characteristics of 7 cases of COVID-19 and 1 case of close contact in the first family aggregation epidemic of COVID-19 in Gansu Province were analyzed. The first patient A developed on January 22, 2020, with a history of residence in Wuhan, and confirmed severe cases of NCP on January 24, 2020; patient B, on January 23, 2020, diagnosed on January 31, severe cases; patient C, asymptomatic, diagnosed on January 27; patient D, asymptomatic, diagnosed on January 27; patient E, on January 24, diagnosed on January 28; patient F, asymptomatic, diagnosed on January 31; Patient G was asymptomatic and was diagnosed on January 31. In close contact, H was asymptomatic, PCR test was negative and asymptomatic, and he was discharged early. Among the 7 patients, 1 case died of (B) aggravation, and the other patients' condition was effectively controlled after active treatment. Except for the discharged cases, 5 cases were positive for COVID-19 specific IgM antibody and 1 case was negative. In this clustering outbreak, 4 patients remained asymptomatic, but PCR and IgM antibodies were positive, indicating that asymptomatic patients may be the key point to control the epidemic. Specific IgM antibody screening for patients whose pharyngeal swab nucleic acid test is negative but with ground glass-like lung lesions is very important for early detection and early isolation."
2ok1owv7,"Understanding SARS-CoV-2: Genetic Diversity, Transmission and Cure in Human","As the SARS-CoV-2 virus race around the world across the different population, there needs to be a consolidated effort to understand the divergence of demographically distributed strains. The emerging trends in SARS-CoV-2 genome data show specific mutation and genetic diversity, which could provide the basis to develop a cocktail of vaccine and may also be used to develop the region-specific diagnostic tool, thus decreasing the chances of testing failures in fields. Since the transmission of SARS-CoV-2 is subject to the extent of human interaction, the insights from the correlation of genetic diversity with epidemiological parameter would give paramount information to tackle this transmission. Previously, studies have also correlated the epidemiological data with gut microbiome and its role in immunomodulation for maintaining health status, and such information could be generated from recovered individuals from different demographic regions. It will help in designing a probiotic-based diet for modulation of the gut microbiome, and that could be another plausible prophylactic treatment option. The genomics data suggest that a specific variant of SARS-CoV-2 gets enriched with the specific demographic region. Overall, demographic data suggests that host influences mutation and expression of the virus. Hence, the experiences from the clinical intervention for that region should be considered in control and treatment strategies."
5m50ql15,A Public Website for the Automated Assessment and Validation of SARS-CoV-2 Diagnostic PCR Assays,"Summary: Polymerase chain reaction-based assays are the current gold standard for detecting and diagnosing SARS-CoV-2. However, as SARS-CoV-2 mutates, we need to constantly assess whether existing PCR-based assays will continue to detect all known viral strains. To enable the continuous monitoring of SARS-CoV-2 assays, we have developed a web-based assay validation algorithm that checks existing PCR-based assays against the ever-expanding genome databases for SARS-CoV-2 using both thermodynamic and edit-distance metrics. The assay screening results are displayed as a heatmap, showing the number of mismatches between each detection and each SARS-CoV-2 genome sequence. Using a mismatch threshold to define detection failure, assay performance is summarized with the true positive rate (recall) to simplify assay comparisons. Availability: https://covid19.edgebioinformatics.org/#/assayValidation. Contact: Jason Gans (jgans@lanl.gov) and Patrick Chain (pchain@lanl.gov)"
cb0bivnj,Return to work for healthcare workers with confirmed COVID-19 infection,
og30u2y1,"COVID-19 infection epidemic: the medical management strategies in Heilongjiang Province, China",
coftgksc,[Clinical features of asymptomatic or subclinical COVID-19 in children],"OBJECTIVE: To study the clinical features of asymptomatic or subclinical coronavirus disease 2019 (COVID-19) in children METHODS: A retrospective analysis was performed for the clinical data of 53 children who were confirmed with asymptomatic or subclinical COVID-19, including epidemiological history, clinical typing, co-infection, time to clearance of severe acute respiratory syndrome coronavirus 2 (SARS-CoV-2) nucleic acid in nasopharyngeal swabs, laboratory examination results, length of hospital stay, and treatment outcome RESULTS: The children with asymptomatic or subclinical COVID-19 accounted for 30 5% (53/174) in children with COVID-19 hospitalized in the COVID-19 ward of Wuhan Children's Hospital All cases occurred with familial aggregation Among the 53 children, 35 (66%) had asymptomatic infection and 18 (34%) had subclinical infection Mycoplasma infection was found in 17 children (32%) For the 53 children, the mean time to clearance of SARS-CoV-2 nucleic acid in nasopharyngeal swabs was 9+/-4 days Most laboratory markers were maintained within the normal range The mean hospital stay was 11+/-4 days Lung CT of 18 children with subclinical COVID-19 showed ground-glass opacities, linear opacities, and patchy opacities, with relatively limited lesions CONCLUSIONS: There is a high proportion of children with asymptomatic or subclinical COVID-19 among the children with COVID-19 hospitalized in the COVID-19 ward The transmission risk of asymptomatic or subclinical COVID-19 should be taken seriously"
dv1g8jz7,The Case for Why Africa Should Host COVID-19 Candidate Vaccine Trials,"In response to provocative comments by 2 European clinicians and scientists, the World Health Organization Director General has declared that Africa will not host COVID-19 vaccine trials. Such a stance risks stigmatizing COVID-19 vaccine trials in Africa and depriving Africa of critical research. To the contrary, there is a critical need for Africa to host COVID-19 vaccine trials on public health, scientific, and ethics grounds."
4w7hx4ou,Prediction of COVID-19 transmission dynamics using a mathematical model considering behavior changes in Korea,"OBJECTIVES: Since the report of the first confirmed case in Daegu on February 18, 2020, local transmission of coronavirus disease 2019 (COVID-19) in Korea has continued. In this study, we aimed to identify the pattern of local transmission of COVID-19 using mathematical modeling and predict the epidemic size and the timing of the end of the spread. METHODS: We modeled the COVID-19 outbreak in Korea by applying a mathematical model of transmission that factors in behavioral changes. We used the Korea Centers for Disease Control and Prevention data of daily confirmed cases in the country to estimate the nationwide and Daegu/Gyeongbuk area-specific transmission rates as well as behavioral change parameters using a least-squares method. RESULTS: The number of transmissions per infected patient was estimated to be about 10 times higher in the Daegu/Gyeongbuk area than the average of nationwide. Using these estimated parameters, our models predicts that about 13,800 cases will occur nationwide and 11,400 cases in the Daegu/Gyeongbuk area until mid-June. CONCLUSIONS: We mathematically demonstrate that the relatively high per-capita rate of transmission and the low rate of changes in behavior have caused a large-scale transmission of COVID-19 in the Daegu/Gyeongbuk area in Korea. Since the outbreak is expected to continue until May, non-pharmaceutical interventions that can be sustained over the long term are required."
u17s0j4c,Manifestations and prognosis of gastrointestinal and liver involvement in patients with COVID-19: a systematic review and meta-analysis,"BACKGROUND: The prevalence and prognosis of digestive system involvement, including gastrointestinal symptoms and liver injury, in patients with COVID-19 remains largely unknown. We aimed to quantify the effects of COVID-19 on the digestive system. METHODS: In this systematic review and meta-analysis, we systematically searched PubMed, Embase, and Web of Science for studies published between Jan 1, 2020, and April 4, 2020. The websites of WHO, CDC, and major journals were also searched. We included studies that reported the epidemiological and clinical features of COVID-19 and the prevalence of gastrointestinal findings in infected patients, and excluded preprints, duplicate publications, reviews, editorials, single case reports, studies pertaining to other coronavirus-related illnesses, and small case series (<10 cases). Extracted data included author; date; study design; country; patient demographics; number of participants in severe and non-severe disease groups; prevalence of clinical gastrointestinal symptoms such as vomiting, nausea, diarrhoea, loss of appetite, abdominal pain, and belching; and digestive system comorbidities including liver disease and gastrointestinal diseases. Raw data from studies were pooled to determine effect estimates. FINDINGS: We analysed findings from 35 studies, including 6686 patients with COVID-19, that met inclusion criteria. 29 studies (n=6064) reported gastrointestinal symptoms in patients with COVID-19 at diagnosis, and the pooled prevalence of digestive system comorbidities was 4% (95% CI 2–5; range 0–15; I(2)=74%). The pooled prevalence of digestive symptoms was 15% (10–21; range: 2–57; I(2)=96%) with nausea or vomiting, diarrhoea, and loss of appetite being the three most common symptoms. The pooled prevalence of abnormal liver functions (12 studies, n=1267) was 19% (9–32; range 1–53; I(2)=96%). Subgroup analysis showed patients with severe COVID-19 had higher rates of gastrointestinal symptoms (odds ratio [OR] 1·60 [95% CI 1·09–2·36]; p=0·0020; I(2)=44%) and liver injury (2·20 [1·60–3·02]; p<0·00001; I(2)=36%) compared with those with non-severe disease. Patients in Hubei province, where the initial COVID-19 outbreak occurred, were more likely to present with abnormal liver functions (p<0·0001) compared with those outside of Hubei. Paediatric patients with COVID-19 had a similar prevalence of gastrointestinal symptoms to those of adult patients. 10% (95% CI 4–19; range 3–23; I(2)=97%) of patients presented with gastrointestinal symptoms alone without respiratory features. Patients who presented with gastrointestinal system involvement had delayed diagnosis (standardised mean difference 2·85 [95% CI 0·22–5·48]; p=0·030; I(2)=73%). Patients with gastrointestinal involvement had a higher prevalence of complication (OR 2·51 [95% CI 1·62–3·89]; p<0·0001; I(2)=0%). INTERPRETATION: Our study showed that digestive symptoms and liver injury are not uncommon in patients with COVID-19. Increased attention should be paid to the care of this unique group of patients. FUNDING: None."
ewhswgbm,"Comparison of asymptomatic and symptomatic rhinovirus infections in university students: incidence, species diversity, and viral load","Abstract Human rhinovirus (HRV) infections are common but poorly characterized in university students. Thus, we characterized asymptomatic and symptomatic HRV infections by incidence, species diversity, and viral load of 502 university students during September and October of 2010 and 2011 from nasal swabs and electronically submitted symptom questionnaires. We tested all symptomatic students and randomly sampled participants who remained asymptomatic (n=25/week, over 8weeks each study year) on a weekly basis by real-time PCR and sequenced HRV positives. HRV was identified in 33/400 (8.3%) and 85/92 (92.4%) of the asymptomatic and symptomatic students, respectively. We identified a higher than previously reported rate of HRV-B in both groups, although the distribution of HRV species was similar (P =0.37). Asymptomatic viral load averaged 1.2 log10 copies/mL lower than symptomatic HRV (P <0.001). In conclusion, asymptomatic HRV activity preceded peak symptomatic activity in September and October and was associated with lower viral load."
osolval7,Timing of antiviral treatment initiation is critical to reduce SARS‐CoV‐2 viral load,"We modeled the viral dynamics of 13 untreated patients infected with SARS‐CoV‐2 to infer viral growth parameters and predict the effects of antiviral treatments. In order to reduce peak viral load by more than 2 logs, drug efficacy needs to be greater than 90% if treatment is administered after symptom onset; an efficacy of 60% could be sufficient if treatment is initiated before symptom onset. Given their pharmacokinetic/pharmacodynamic properties, current investigated drugs may be in a range of 6‐87% efficacy. They may help control virus if administered very early, but may not have a major effect in severe patients."
j7mcry3l,A case of Listeria monocytogenes meningitis complicated by Hydrocephalus and Intraventricular hemorrhage: A review of treatment options and outcomes,"Listeria monocytogenes is a gram-positive bacillus known to cause various human infections including central nervous system infections. The most common central nervous system manifestations are meningitis and rhomboencephalitis, however rare complications including hydrocephalus and intracerebral hemorrhage can occur and are associated with increased mortality and incidence of lasting neurologic sequelae. The mortality ranges from 17 % to greater than 30 % in patients with neurological involvement [[1], [2], [3]]. Various case reports have studied the differing treatment approaches and outcomes of patients who experienced these complications, and there is still no consensus on optimal treatment approaches. In this paper, we report a case of Listeria meningitis complicated by both acute hydrocephalus and intracerebral hemorrhage and analyze the factors that led to a favorable outcome by reviewing the existing literature."
dew2ig0q,Bioinformatic prediction of potential T cell epitopes for SARS-Cov-2,"To control and prevent the current COVID-19 pandemic, the development of novel vaccines is an emergent issue. In addition, we need to develop tools that can measure/monitor T-cell and B-cell responses to know how our immune system is responding to this deleterious virus. However, little information is currently available about the immune target epitopes of novel coronavirus (SARS-CoV-2) to induce host immune responses. Through a comprehensive bioinformatic screening of potential epitopes derived from the SARS-CoV-2 sequences for HLAs commonly present in the Japanese population, we identified 2013 and 1399 possible peptide epitopes that are likely to have the high affinity (<0.5%- and 2%-rank, respectively) to HLA class I and II molecules, respectively, that may induce CD8(+) and CD4(+) T-cell responses. These epitopes distributed across the structural (spike, envelope, membrane, and nucleocapsid proteins) and the nonstructural proteins (proteins corresponding to six open reading frames); however, we found several regions where high-affinity epitopes were significantly enriched. By comparing the sequences of these predicted T cell epitopes to the other coronaviruses, we identified 781 HLA-class I and 418 HLA-class II epitopes that have high homologies to SARS-CoV. To further select commonly-available epitopes that would be applicable to larger populations, we calculated population coverages based on the allele frequencies of HLA molecules, and found 2 HLA-class I epitopes covering 83.8% of the Japanese population. The findings in the current study provide us valuable information to design widely-available vaccine epitopes against SARS-CoV-2 and also provide the useful information for monitoring T-cell responses."
any83elf,Parallel molecular evolution and adaptation in viruses,"Parallel molecular evolution is the independent evolution of the same genotype or phenotype from distinct ancestors. The simple genomes and rapid evolution of many viruses mean they are useful model systems for studying parallel evolution by natural selection. Parallel adaptation occurs in the context of several viral behaviours, including cross-species transmission, drug resistance, and host immune escape, and its existence suggests that at least some aspects of virus evolution and emergence are repeatable and predictable. We introduce examples of virus parallel evolution and summarise key concepts. We outline the difficulties in detecting parallel adaptation using virus genomes, with a particular focus on phylogenetic and structural approaches, and we discuss future approaches that may improve our understanding of the phenomenon."
hodykbcb,Viral Etiology of Chronic Obstructive Pulmonary Disease Exacerbations during the A/H1N1pdm09 Pandemic and Postpandemic Period,"Viral infections are one of the main causes of acute exacerbations of chronic obstructive pulmonary disease (AE-COPD). Emergence of A/H1N1pdm influenza virus in the 2009 pandemic changed the viral etiology of exacerbations that were reported before the pandemic. The aim of this study was to describe the etiology of respiratory viruses in 195 Spanish patients affected by AE-COPD from the pandemic until the 2011-12 influenza epidemic. During the study period (2009–2012), respiratory viruses were identified in 48.7% of samples, and the proportion of viral detections in AE-COPD was higher in patients aged 30–64 years than ≥65 years. Influenza A viruses were the pathogens most often detected during the pandemic and the following two influenza epidemics in contradistinction to human rhino/enteroviruses that were the main viruses causing AE-COPD before the pandemic. The probability of influenza virus detection was 2.78-fold higher in patients who are 30–64 years old than those ≥65. Most respiratory samples were obtained during the pandemic, but the influenza detection rate was higher during the 2011-12 epidemic. There is a need for more accurate AE-COPD diagnosis, emphasizing the role of respiratory viruses. Furthermore, diagnosis requires increased attention to patient age and the characteristics of each influenza epidemic."
6baa5it4,HIV-1 tolerates changes in A-count in a small segment of the pol gene,"BACKGROUND: The HIV-1 RNA genome has a biased nucleotide composition with a surplus of As. Several hypotheses have been put forward to explain this striking phenomenon, but the A-count of the HIV-1 genome has thus far not been systematically manipulated. The reason for this reservation is the likelihood that known and unknown sequence motifs will be affected by such a massive mutational approach, thus resulting in replication-impaired virus mutants. We present the first attempt to increase and decrease the A-count in a relatively small polymerase (pol) gene segment of HIV-1 RNA. RESULTS: To minimize the mutational impact, a new mutational approach was developed that is inspired by natural sequence variation as present in HIV-1 isolates. This phylogeny-instructed mutagenesis allowed us to create replication-competent HIV-1 mutants with a significantly increased or decreased local A-count. The local A-count of the wild-type (wt) virus (40.2%) was further increased to 46.9% or reduced to 31.7 and 26.3%. These HIV-1 variants replicate efficiently in vitro, despite the fact that the pol changes cause a quite profound move in HIV–SIV sequence space. CONCLUSIONS: Extrapolating these results to the complete 9 kb RNA genome, we may cautiously suggest that the A-rich signature does not have to be maintained. This survey also provided clues that silent codon changes, in particular from G-to-A, determine the subtype-specific sequence signatures."
a4gddqw8,Specific antibody secreting cells from chickens can be detected by three days and memory B cells by three weeks post-infection with the avian respiratory coronavirus,"Infectious bronchitis virus (IBV), the first coronavirus described, has been a continuing problem in poultry for more than 70 years. IBV, causing a highly contagious respiratory disease in chickens, resembles the recently described severe acute respiratory syndrome virus in pathogenesis and genome organization. While previous studies demonstrated that effector and memory CD8(+) T lymphocytes are critical in controlling acute IBV infection and disease in chickens, here chicken anti-IBV antibody (IgG) secreting cells (ASC) in both peripheral blood mononuclear cells (PBMC) and spleens collected following IBV Gray infection were evaluated using an ELISPOT assay. The ASC in peripheral blood and spleens can be detected from 3 to 7 days post-infection (p.i.), which is 3–7 days earlier than anti-IBV IgG detected in the serum. The ASC frequency reached a maximum at 7–10 days p.i., and decreased more than 90% in the spleen and 70% in PBMC by 14 days p.i. The ASC levels in the PBMC then decreased gradually to 0.5 ASC/10(6) over the next 8 weeks. The higher concentration of about 20 ASC/10(6) cells in spleens may, at least partially, account for the presence of antibody in the serum although bone marrow ASC were not determined. In vitro stimulation of PBMC and splenocytes with IBV antigen demonstrated that memory B cells can be activated to secrete antibody by 3 weeks p.i. ELISPOT detection of primary B cells could be useful in the early detection of infection following infection with respiratory coronaviruses."
7zme0kxy,SARS-CoV and Emergent Coronaviruses: Viral Determinants of Interspecies Transmission,"Most new emerging viruses are derived from strains circulating in zoonotic reservoirs. Coronaviruses, which had an established potential for cross-species transmission within domesticated animals, suddenly became relevant with the unexpected emergence of the highly pathogenic human SARS-CoV strain from zoonotic reservoirs in 2002. SARS-CoV infected approximately 8000 people worldwide before public health measures halted the epidemic. Supported by robust time-ordered sequence variation, structural biology, well-characterized patient pools, and biological data, the emergence of SARS-CoV represents one of the best studied natural models of viral disease emergence from zoonotic sources. This review article summarizes previous and more recent advances into the molecular and structural characteristics, with particular emphasis on host-receptor interactions, that drove this remarkable virus disease outbreak in human populations."
q068aybo,A fast and simple one-step duplex PCR assay for canine distemper virus (CDV) and canine coronavirus (CCoV) detection,"The one-step polymerase chain reaction (one-step PCR) detection assay is an innovative PCR detection method, eliminating nucleic acid extraction steps, in which samples can be directly added to PCR reagents for testing. For simultaneous detection of CDV and CCoV, a sensitive and specific one-step duplex PCR (one-step dPCR) assay was developed with two pairs of primers that were designed based on H and M gene sequences of CDV and CCoV, respectively. The one-step dPCR with optimized detection conditions has high specificity and sensitivity; independent sequencing assays further verified these results."
obadq502,Positive effects of COVID-19 control measures on influenza prevention,"Abstract Coronavirus disease 2019 (COVID-19) caused by severe acute respiratory syndrome coronavirus 2 (SARS-CoV-2) has now become a pandemic threat to the whole world. At the same time, influenza virus has been active, with influenza virus and SARS-CoV-2 sharing the same transmission routes. This article aims to alert clinicians of the presence of co-infection with these two viruses and to describe the effect of the measures taken to fight COVID-19 on influenza prevention and control."
3dlsbr7c,Dengue Virus Type 2 (DENV2)-Induced Oxidative Responses in Monocytes from Glucose-6-Phosphate Dehydrogenase (G6PD)-Deficient and G6PD Normal Subjects,"BACKGROUND: Dengue virus is endemic in peninsular Malaysia. The clinical manifestations vary depending on the incubation period of the virus as well as the immunity of the patients. Glucose-6-phosphate dehydrogenase (G6PD) deficiency is prevalent in Malaysia where the incidence is 3.2%. It has been noted that some G6PD-deficient individuals suffer from more severe clinical presentation of dengue infection. In this study, we aim to investigate the oxidative responses of DENV2-infected monocytes from G6PD-deficient individuals. METHODOLOGY: Monocytes from G6PD-deficient individuals were infected with DENV2 and infection rate, levels of oxidative species, nitric oxide (NO), superoxide anions (O(2) (−)), and oxidative stress were determined and compared with normal controls. PRINCIPAL FINDINGS: Monocytes from G6PD-deficient individuals exhibited significantly higher infection rates compared to normal controls. In an effort to explain the reason for this enhanced susceptibility, we investigated the production of NO and O(2) (−) in the monocytes of individuals with G6PD deficiency compared with normal controls. We found that levels of NO and O(2) (−) were significantly lower in the DENV-infected monocytes from G6PD-deficient individuals compared with normal controls. Furthermore, the overall oxidative stress in DENV-infected monocytes from G6PD-deficient individuals was significantly higher when compared to normal controls. Correlation studies between DENV-infected cells and oxidative state of monocytes further confirmed these findings. CONCLUSIONS/SIGNIFICANCE: Altered redox state of DENV-infected monocytes from G6PD-deficient individuals appears to augment viral replication in these cells. DENV-infected G6PD-deficient individuals may contain higher viral titers, which may be significant in enhanced virus transmission. Furthermore, granulocyte dysfunction and higher viral loads in G6PD-deificient individuals may result in severe form of dengue infection."
1152vpv5,The impacts of simultaneous disease intervention decisions on epidemic outcomes,"Abstract Mathematical models of the interplay between disease dynamics and human behavioural dynamics can improve our understanding of how diseases spread when individuals adapt their behaviour in response to an epidemic. Accounting for behavioural mechanisms that determine uptake of infectious disease interventions such as vaccination and non-pharmaceutical interventions (NPIs) can significantly alter predicted health outcomes in a population. However, most previous approaches that model interactions between human behaviour and disease dynamics have modelled behaviour of these two interventions separately. Here, we develop and analyze an agent based network model to gain insights into how behaviour toward both interventions interact adaptively with disease dynamics (and therefore, indirectly, with one another) during the course of a single epidemic where an SIRV infection spreads through a contact network. In the model, individuals decide to become vaccinated and/or practice NPIs based on perceived infection prevalence (locally or globally) and on what other individuals in the network are doing. We find that introducing adaptive NPI behaviour lowers vaccine uptake on account of behavioural feedbacks, and also decreases epidemic final size. When transmission rates are low, NPIs alone are as effective in reducing epidemic final size as NPIs and vaccination combined. Also, NPIs can compensate for delays in vaccine availability by hindering early disease spread, decreasing epidemic size significantly compared to the case where NPI behaviour does not adapt to mitigate early surges in infection prevalence. We also find that including adaptive NPI behaviour strongly mitigates the vaccine behavioural feedbacks that would otherwise result in higher vaccine uptake at lower vaccine efficacy as predicted by most previous models, and the same feedbacks cause epidemic final size to remain approximately constant across a broad range of values for vaccine efficacy. Finally, when individuals use local information about others’ behaviour and infection prevalence, instead of population-level information, infection is controlled more efficiently through ring vaccination, and this is reflected in the time evolution of pair correlations on the network. This model shows that accounting for both adaptive NPI behaviour and adaptive vaccinating behaviour regarding social effects and infection prevalence can result in qualitatively different predictions than if only one type of adaptive behaviour is modelled."
5bmdzgla,Cytokine storm intervention in the early stages of COVID-19 pneumonia,"Abstract Clinical intervention in patients with corona virus disease 2019 (COVID-19) has demonstrated a strong upregulation of cytokine production in patients who are critically ill with SARS-CoV2-induced pneumonia. In a retrospective study of 41 patients with COVID-19, most patients with SARS-CoV-2 infection developed mild symptoms, whereas some patients later developed aggravated disease symptoms, and eventually passed away because of multiple organ dysfunction syndrome (MODS), as a consequence of a severe cytokine storm. Guidelines for the diagnosis and treatment of SARS-CoV-2 infected pneumonia were first published January 30th, 2020; these guidelines recommended for the first time that cytokine monitoring should be applied in severely ill patients to reduce pneumonia related mortality. The cytokine storm observed in COVID-19 illness is also an important component of mortality in other viral diseases, including SARS, MERS and influenza. In view of the severe morbidity and mortality of COVID-19 pneumonia, we review the current understanding of treatment of human coronavirus infections from the perspective of a dysregulated cytokine and immune response."
9s4i2nuh,Creating Bioethics Distance Learning Through Virtual Reality,"Abstract Bioethics education is a central element in the biotechnology curriculum. Re-imagining distance learning, virtual reality (VR) is taking student involvement to the next level of interaction, offering a real classroom experience and a new way to gain ethical reasoning skills. We explore a new paradigm for bioethics education that involves VR."
j1370ljf,Potential Therapeutic Targeting of Coronavirus Spike Glycoprotein Priming,"Processing of certain viral proteins and bacterial toxins by host serine proteases is a frequent and critical step in virulence. The coronavirus spike glycoprotein contains three (S1, S2, and S2′) cleavage sites that are processed by human host proteases. The exact nature of these cleavage sites, and their respective processing proteases, can determine whether the virus can cross species and the level of pathogenicity. Recent comparisons of the genomes of the highly pathogenic SARS-CoV2 and MERS-CoV, with less pathogenic strains (e.g., Bat-RaTG13, the bat homologue of SARS-CoV2) identified possible mutations in the receptor binding domain and in the S1 and S2′ cleavage sites of their spike glycoprotein. However, there remains some confusion on the relative roles of the possible serine proteases involved for priming. Using anthrax toxin as a model system, we show that in vivo inhibition of priming by pan-active serine protease inhibitors can be effective at suppressing toxicity. Hence, our studies should encourage further efforts in developing either pan-serine protease inhibitors or inhibitor cocktails to target SARS-CoV2 and potentially ward off future pandemics that could develop because of additional mutations in the S-protein priming sequence in coronaviruses."
who0xdyz,Influenza Sentinel Surveillance and Severe Acute Respiratory Infection in a Reference Hospital in Southern Brazil,"INTRODUCTION: We report the results of the active surveillance of influenza infections in hospitalized patients and the evaluation of the seasonality and correlation with temperature and rainfall data. METHODS: During the 2-year study period, 775 patients were tested for 15 respiratory viruses (RVs). RESULTS: Most of the 57% of (n=444) virus-positive samples were human rhinovirus and respiratory syncytial virus. However, 10.4% (n=46) were influenza virus (80% FluA; 20% FluB). Age and SARI were significantly associated with influenza. FluB circulation was higher is 2013. CONCLUSIONS: In the post-epidemic period, influenza remains an important cause of hospitalization in SARI patients."
8l7zukg4,A case of transient existence of SARS-CoV-2 RNA in the respiratory tract with the absence of anti-SARS-CoV-2 antibody response,ABSTRACT We report a patient who had travelled to Japan presented mild respiratory symptom during the COVID-19 infection outbreak period. There was transient existence of SARS-CoV-2 RNA in his oropharynx. The RNA was absent in the six respiratory specimens that were subsequently tested. Anti-SARS-CoV-2 antibody response in the acute and convalescent sera were absent. The reported case indicates that transient colonization of SARS-CoV-2 in the upper respiratory tract is possible without inciting any antibody response against the virus.
ajlpb9li,The neuroinvasive potential of SARS‐CoV2 may play a role in the respiratory failure of COVID‐19 patients,"Following the severe acute respiratory syndrome coronavirus (SARS‐CoV) and Middle East respiratory syndrome coronavirus (MERS‐CoV), another highly pathogenic coronavirus named SARS‐CoV‐2 (previously known as 2019‐nCoV) emerged in December 2019 in Wuhan, China, and rapidly spreads around the world. This virus shares highly homological sequence with SARS‐CoV, and causes acute, highly lethal pneumonia coronavirus disease 2019 (COVID‐19) with clinical symptoms similar to those reported for SARS‐CoV and MERS‐CoV. The most characteristic symptom of patients with COVID‐19 is respiratory distress, and most of the patients admitted to the intensive care could not breathe spontaneously. Additionally, some patients with COVID‐19 also showed neurologic signs, such as headache, nausea, and vomiting. Increasing evidence shows that coronaviruses are not always confined to the respiratory tract and that they may also invade the central nervous system inducing neurological diseases. The infection of SARS‐CoV has been reported in the brains from both patients and experimental animals, where the brainstem was heavily infected. Furthermore, some coronaviruses have been demonstrated able to spread via a synapse‐connected route to the medullary cardiorespiratory center from the mechanoreceptors and chemoreceptors in the lung and lower respiratory airways. Considering the high similarity between SARS‐CoV and SARS‐CoV2, it remains to make clear whether the potential invasion of SARS‐CoV2 is partially responsible for the acute respiratory failure of patients with COVID‐19. Awareness of this may have a guiding significance for the prevention and treatment of the SARS‐CoV‐2‐induced respiratory failure."
b316muwc,Radiotherapy for oncologic emergencies on weekends: examining reasons for treatment and patterns of practice at a Canadian cancer centre,"PURPOSE: Radiotherapy for oncologic emergencies is an important aspect of the management of cancer patients. These emergencies—which include malignant spinal cord compression, brain metastases, superior vena cava obstruction, and uncontrolled tumour hemorrhage —may require treatment outside of hospital hours, particularly on weekends and hospital holidays. To date, there remains no consensus among radiation oncologists regarding the indications and appropriateness of radiotherapy treatment on weekends, and treatment decisions remain largely subjective. The main aim of the present study was to document the incidence and indications for patients receiving emergency treatment on weekends or scheduled hospital holidays at a single institution. The secondary aim was to investigate the compliance of such treatment with the institution’s quality assurance policies, both local and provincial. METHODS: From September 1, 2002, to September 30, 2004, patients being treated over weekends (defined as commencing at 6 pm on a Friday and concluding at 8 am of the next scheduled workday) and hospital holidays were retrospectively identified using the Oncology Patient Information System scheduling module. Relevant patient data—including patient age, sex, primary cancer site, specific radiation field, rationale for treatment, referring hospital, total treatment dose, radiation dose fractionation, inpatient or outpatient status, and duration of treatment—were collected and subsequently analyzed. Comparison to local policy was performed subjectively. RESULTS: Over the 2-year period, 161 patients were prescribed urgent radiotherapy over a weekend or on a hospital holiday. Of this cohort, 68% were treated on both Saturday and Sunday, 22% on Saturday alone, and 10% on Sunday alone. Most patients presented with lung (31%), prostate (18%), and breast cancer (17%). The top reasons for referral for emergency weekend treatment included spinal cord compression (56%), brain metastases (15%), and superior vena cava obstruction (6%). Most of the indications for treatment generally followed the quality assurance policies implemented both locally and provincially. CONCLUSIONS: Patients treated over a weekend or on a hospital holiday were generally found to be treated with appropriate intent. Most treatment indications within this study both complied with provincial policy and showed a pattern of care similar to that seen in other studies in the literature. Local policy appears to be robust; however, policy improvements may allow for more cohesiveness across radiation oncologists in patterns of care in this important group of patients. Comparisons with practice at other institutions would be valuable and also a key step in developing sound guidelines for all members of the radiotherapy community to follow."
btj4ckkz,Assessment the protection performance of different level personal respiratory protection masks against viral aerosol,"New viral disease such as SARS and H1N1 highlighted the vulnerability of healthcare workers to aerosol-transmitted viral infections. This paper was to assess the protection performance of different level personal respiratory protection equipments against viral aerosol. Surgical masks, N95 masks and N99 masks were purchased from the market. The masks were sealed onto the manikin in the aerosol testing chamber. Viral aerosol was generated and then sampled simultaneously before and after the tested mask using biosamplers. This allows a percentage efficiency value to be calculated against test phage SM702 aerosols which surrogates of viral pathogens aerosol. At the same time, the masks face fit factor was determined by TSI8020. The viral aerosol particles aerodynamic diameter was 0.744 μm, and GSD was 1.29. The protection performance of the material of all the tested masks against viral aerosol was all >95 %. All the five surgical masks face fit factor were <8. F model N95 mask and H model N99 mask face fit factor were all >160. G model N95 mask face fit factor was 8.2. The protection performances of N95 or N99 masks were many times higher than surgical mask when considering the face fit factor. Surgical masks cannot offer sufficient protection against the inhalation of viral aerosol because they cannot provide a close face seal."
2eqrk42b,The Identification of a Calmodulin-Binding Domain within the Cytoplasmic Tail of Angiotensin-Converting Enzyme-2,"Angiotensin-converting enzyme (ACE)-2 is a homolog of the well-characterized plasma membrane-bound angiotensin-converting enzyme. ACE2 is thought to play a critical role in regulating heart function, and in 2003, ACE2 was identified as a functional receptor for severe acute respiratory syndrome coronavirus. We have recently shown that like ACE, ACE2 undergoes ectodomain shedding and that this shedding event is up-regulated by phorbol esters. In the present study, we used gel shift assays to demonstrate that calmodulin, an intracellular calcium-binding protein implicated in the regulation of other ectodomain shedding events, binds a 16-amino acid synthetic peptide corresponding to residues 762–777 within the cytoplasmic domain of human ACE2, forming a calcium-dependent calmodulin-peptide complex. Furthermore, we have demonstrated that ACE2 expressed in Chinese hamster ovary cells specifically binds to glutathione-S-transferase-calmodulin, but not glutathione-S-transferase alone, in pull-down assays using cell lysates. Finally, to investigate whether calmodulin has any effect on ACE2 ectodomain shedding in cells that endogenously express the enzyme, cells from a human liver cell line (Huh-7) expressing ACE2 were incubated with calmodulin-specific inhibitors, trifluoperazine and calmidazolium. Both trifluoperazine (25 μmol/liter) and calmidazolium, (25 μmol/liter) significantly increased the release of ACE2 into the medium (44.1 ± 10.8%, P < 0.05, Student’s t test; unpaired, two-tailed, and 51.1 ± 7.4% P < 0.05, one-way ANOVA, respectively;), as analyzed by an ACE2-specific quenched fluorescence substrate assay. We also show that the calmodulin-specific inhibitor-stimulated shedding of ACE2 is independent from phorbol ester-induced shedding. In summary, we have demonstrated that calmodulin is able to bind ACE2 and suggest that the ACE2 ectodomain shedding and/or sheddase(s) activation regulated by calmodulin is independent from the phorbol ester-induced shedding."
ratbgibg,Structures of human antibodies bound to SARS-CoV-2 spike reveal common epitopes and recurrent features of antibodies,"Summary Neutralizing antibody responses to coronaviruses mainly target the receptor-binding domain (RBD) of the trimeric spike. Here, we characterized polyclonal IgGs and Fabs from COVID-19 convalescent individuals for recognition of coronavirus spikes. Plasma IgGs differed in their focus on RBD epitopes, recognition of alpha- and beta-coronaviruses, and contributions of avidity to increased binding/neutralization of IgGs over Fabs. Using electron microscopy, we examined specificities of polyclonal plasma Fabs, revealing recognition of both S1A and RBD epitopes on SARS-CoV-2 spike. Moreover, a 3.4Å cryo-EM structure of a neutralizing monoclonal Fab-spike complex revealed an epitope that blocks ACE2 receptor binding. Modeling based on these structures suggested different potentials for inter-spike crosslinking by IgGs on viruses and that characterized IgGs would not be affected by identified SARS-CoV-2 spike mutations. Overall, our studies structurally define a recurrent anti-SARS-CoV-2 antibody class derived from VH3-53/VH3-66 and similarity to a SARS-CoV VH3-30 antibody, providing criteria for evaluating vaccine-elicited antibodies."
it4ka7v0,Estimation of incubation period distribution of COVID-19 using disease onset forward time: a novel cross-sectional and forward follow-up study,"BACKGROUND: The current outbreak of coronavirus disease 2019 (COVID-19) has quickly spread across countries and become a global crisis. However, one of the most important clinical characteristics in epidemiology, the distribution of the incubation period, remains unclear. Different estimates of the incubation period of COVID-19 were reported in recent published studies, but all have their own limitations. In this study, we propose a novel low-cost and accurate method to estimate the incubation distribution. METHODS: We have conducted a cross-sectional and forward follow-up study by identifying those asymptomatic individuals at their time of departure from Wuhan and then following them until their symptoms developed. The renewal process is hence adopted by considering the incubation period as a renewal and the duration between departure and symptom onset as a forward recurrence time. Under mild assumptions, the observations of selected forward times can be used to consistently estimate the parameters in the distribution of the incubation period. Such a method enhances the accuracy of estimation by reducing recall bias and utilizing the abundant and readily available forward time data. FINDINGS: The estimated distribution of forward time fits the observations in the collected data well. The estimated median of incubation period is 8·13 days (95% confidence interval [CI]: 7·37–8·91), the mean is 8·62 days (95% CI: 8·02–9·28), the 90th percentile is 14·65 days (95% CI: 14·00–15·26), and the 99th percentile is 20·59 days (95% CI: 19·47, 21·62). Compared with results in other studies, the incubation period estimated in this study is longer. INTERPRETATION: Based on the estimated incubation distribution in this study, about 10% of patients with COVID-19 would not develop symptoms until 14 days after infection. Further study of the incubation distribution is warranted to directly estimate the proportion with long incubation periods."
gq8pusi3,Relapsing encephalomyelitis following transfer of partial immunity to JHM virus,"Abstract Mice infected with the JHM strain mouse hepatitis virus (JHMV) develop a fatal encephalomyelitis with evidence of demyelination. It has previously been shown that the adoptive transfer of 5 × 107 nylon wool adherent (NWA) spleen cells from immunized donors to lethally infected recipients clears virus from the central nervous system (CNS) and prevents demyelination. Adoptive transfer of a smaller number (1 × 107) of NWA spleen cells from immunized donors also protects from death but does not significantly alter virus replication in the CNS during the acute phase of the infection. Moreover, these mice develop a transient non-fatal encephalomyelitis which occurs approximately 3 weeks post-infection. This delayed encephalomyelitis is associated with a mononuclear cell infiltration into the CNS but little or no evidence of virus replication or increased viral antigen. A virus-specific delayed-type hypersensitivity (DTH) response precedes this delayed onset of disease by 24 to 48 h. Resolution of disease correlates with a selective and permanent suppression of the JHMV-specific DTH reactivity. In addition, no virus-specific DTH is detected following adoptive transfer of viral-specific DTH effectors derived from immunized donors. In contrast, these mice respond to a heterologous antigen, KLH, suggesting that the resolution of the encephalitis is accompanied by a profound suppression in viral-specific DTH response."
y4zpl1ji,Corona Virus (COVID-19) “Infodemic” and Emerging Issues through a Data Lens: The Case of China,"Coronavirus (COVID-19) is a humanitarian emergency, which started in Wuhan in China in early December 2019, brought into the notice of the authorities in late December, early January 2020, and, after investigation, was declared as an emergency in the third week of January 2020. The WHO declared this as Public Health Emergency of International Concern (PHEIC) on 31th of January 2020, and finally a pandemic on 11th March 2020. As of March 24th, 2020, the virus has caused a casualty of over 16,600 people worldwide with more than 380,000 people confirmed as infected by it, of which more than 10,000 cases are serious. Mainly based on Chinese newspapers, social media and other digital platform data, this paper analyzes the timeline of the key actions taken by the government and people over three months in five different phases. It found that although there was an initial delay in responding, a unique combination of strong governance, strict regulation, strong community vigilance and citizen participation, and wise use of big data and digital technologies, were some of the key factors in China’s efforts to combat this virus. Being inviable and non-measurable (unlike radioactive exposure), appropriate and timely information is very important to form the basic foundation of mitigation and curative measures. Infodemic, as it is termed by WHO, is a key word, where different stakeholder’s participation, along with stricter regulation, is required to reduce the impact of fake news in this information age and social media. Although different countries will need different approaches, focusing on its humanitarian nature and addressing infodemic issues are the two critical factors for future global mitigation efforts."
t3asnzje,Comparative Seasonal Respiratory Virus Epidemic Timing in Utah,"Previous studies have found evidence of viral interference between seasonal respiratory viruses. Using laboratory-confirmed data from a Utah-based healthcare provider, Intermountain Health Care, we analyzed the time-specific patterns of respiratory syncytial virus (RSV), influenza A, influenza B, human metapneumovirus, rhinovirus, and enterovirus circulation from 2004 to 2018, using descriptive methods and wavelet analysis (n = 89,462) on a local level. The results showed that RSV virus dynamics in Utah were the most consistent of any of the viruses studied, and that the other seasonal viruses were generally in synchrony with RSV, except for enterovirus (which mostly occurs late summer to early fall) and influenza A and B during pandemic years."
7el8o6qq,Strategies for Rational Use of Personal Protective Equipment (PPE) Among Healthcare Providers During the COVID-19 Crisis,"As the coronavirus 2019 (COVID-19) began spreading globally with no clear treatment in sight, prevention became a major part of controlling the disease and its effects. COVID-19 spreads from the aerosols of an infected individual whether they are showing any symptoms or not. Therefore, it becomes nearly impossible to point exactly where the patient is. This is where personal protective equipment (PPE) comes in. These are masks, respirators, gloves, and in hospitals where the contact with the infected and confirmed patient is direct, also gowns or body covers. The PPEs play a major role in the prevention and control of the COVID-19. The PPE is able to prevent any invasion of the virus particles into the system of an individual which is why it is an essential item to have for healthcare workers. Due to the high demand for PPEs all around the world, it is important to optimize the use of protective gear and ration the supplies so that the demand are met. However, there are guidelines recommended by the World Health Organization (WHO) and the Centers for Disease Control and Prevention (CDC) to maintain the supply in the wake of this increased demand of PPE, how the manufacturers should track their supplies, and how the recipients should manage them. Various strategies can be used to increase the re-use of PPEs during the COVID-19 pandemic that has modified the donning and doffing procedure."
aaht8rq0,On the mechanisms of bananin activity against severe acute respiratory syndrome coronavirus,"In a previous study, severe acute respiratory syndrome coronavirus (SARS‐CoV) was cultured in the presence of bananin, an effective adamantane‐related molecule with antiviral activity. In the present study, we show that all bananin‐resistant variants exhibit mutations in helicase and membrane protein, although no evidence of bananin interference on their mutual interaction has been found. A structural analysis on protein sequence mutations found in SARS‐CoV bananin‐resistant variants was performed. The S259/L mutation of SARS‐CoV helicase is always found in all the identified bananin‐resistant variants, suggesting a primary role of this mutation site for bananin activity. From a structural analysis of SARS‐CoV predicted helicase structure, S259 is found in a hydrophilic surface pocket, far from the enzyme active sites and outside the helicase dimer interface. The S/L substitution causes a pocket volume reduction that weakens the interaction between bananin and SARS‐CoV mutated helicase, suggesting a possible mechanism for bananin antiviral activity."
f2iuy9e1,Calling for an exponential escalation scheme in vaccine development for COVID-19,"PURPOSE: COVID-19 as a pandemic calls for rapid development of vaccines. METHODS: Here a proposal of a seamless, adaptive, phase 1–3 trial for accelerated vaccine development is described. RESULTS: Starting at 10, the number of vaccinated volunteers would exponentially increase by tenfold at an interval of 2 weeks; close surveillance of antibody responses, safety and efficacy is necessary. After only 16 weeks, general vaccination would be feasible if supply meets the demand. CONCLUSION: A COVID-19 vaccine would be rapidly available at a slightly increased risk for undetected late side effects or insufficient efficacy if compared with standard vaccine development schemes."
q85u5v8s,Genomic determinants of pathogenicity in SARS-CoV-2 and other human coronaviruses,"SARS-CoV-2 poses an immediate, major threat to public health across the globe. Here we report an in-depth molecular analysis to reconstruct the evolutionary origins of the enhanced pathogenicity of SARS-CoV-2 and other coronaviruses that are severe human pathogens. Using integrated comparative genomics and machine learning techniques, we identify key genomic features that differentiate SARS-CoV-2 and the viruses behind the two previous deadly coronavirus outbreaks, SARS-CoV and MERS-CoV, from less pathogenic coronaviruses. These features include enhancement of the nuclear localization signals in the nucleocapsid protein and distinct inserts in the spike glycoprotein that appear to be associated with high case fatality rate of these coronaviruses as well as the host switch from animals to humans. The identified features could be crucial elements of coronavirus pathogenicity and possible targets for diagnostics, prognostication and interventions."
rt7gqiev,5′-O-Masked 2′-deoxyadenosine analogues as lead compounds for hepatitis C virus (HCV) therapeutic agents,"Abstract On the basis of our previous study on antiviral agents against the severe acute respiratory syndrome (SARS) coronavirus, a series of nucleoside analogues whose 5′-hydroxyl groups are masked by various protective groups such as carboxylate, sulfonate, and ether were synthesized and evaluated to develop novel anti-hepatitis C virus (HCV) agents. Among these, several 5′-O-masked analogues of 6-chloropurine-2′-deoxyriboside (e.g., 5′-O-benzoyl, 5′-O-p-methoxybenzoyl, and 5′-O-benzyl analogues) were found to exhibit effective anti-HCV activity. In particular, the 5′-O-benzoyl analogue exhibited the highest potency with an EC50 of 6.1μM in a cell-based HCV replicon assay. Since the 5′-O-unmasked analogue (i.e., 6-chloropurine-2′-deoxyriboside) was not sufficiently potent (EC50 =47.2μM), masking of the 5′-hydroxyl group seems to be an effective method for the development of anti-HCV agents. Presently, we hypothesize two roles for the 5′-O-masked analogues: One is the role as an anti-HCV agent by itself, and the other is as a prodrug of its 5′-O-demasked (deprotected) derivative."
szsb1oan,The deadly coronaviruses: The 2003 SARS pandemic and the 2020 novel coronavirus epidemic in China,"Abstract The 2019-nCoV is officially called SARS-CoV-2 and the disease is named COVID-19. This viral epidemic in China has led to the deaths of over 1800 people, mostly elderly or those with an underlying chronic disease or immunosuppressed state. This is the third serious Coronavirus outbreak in less than 20 years, following SARS in 2002–2003 and MERS in 2012. While human strains of Coronavirus are associated with about 15% of cases of the common cold, the SARS-CoV-2 may present with varying degrees of severity, from flu-like symptoms to death. It is currently believed that this deadly Coronavirus strain originated from wild animals at the Huanan market in Wuhan, a city in Hubei province. Bats, snakes and pangolins have been cited as potential carriers based on the sequence homology of CoV isolated from these animals and the viral nucleic acids of the virus isolated from SARS-CoV-2 infected patients. Extreme quarantine measures, including sealing off large cities, closing borders and confining people to their homes, were instituted in January 2020 to prevent spread of the virus, but by that time much of the damage had been done, as human-human transmission became evident. While these quarantine measures are necessary and have prevented a historical disaster along the lines of the Spanish flu, earlier recognition and earlier implementation of quarantine measures may have been even more effective. Lessons learned from SARS resulted in faster determination of the nucleic acid sequence and a more robust quarantine strategy. However, it is clear that finding an effective antiviral and developing a vaccine are still significant challenges. The costs of the epidemic are not limited to medical aspects, as the virus has led to significant sociological, psychological and economic effects globally. Unfortunately, emergence of SARS-CoV-2 has led to numerous reports of Asians being subjected to racist behavior and hate crimes across the world."
2ioap802,Comparison of Hospitalized Patients With ARDS Caused by COVID-19 and H1N1,"Background Since the outbreak of coronavirus disease 2019 (COVID-19) in China in December 2019, considerable attention has been focused on its elucidation. However, it is also important for clinicians and epidemiologists to differentiate COVID-19 from other respiratory infectious diseases such as influenza viruses. Research question The aim of this study was to explore the different clinical presentations between COVID-19 and influenza A (H1N1) pneumonia in patients with ARDS. Study Design and Methods This analysis was a retrospective case-control study. Two independent cohorts of patients with ARDS infected with either COVID-19 (n = 73) or H1N1 (n = 75) were compared. Their clinical manifestations, imaging characteristics, treatments, and prognosis were analyzed and compared. Results The median age of patients with COVID-19 was higher than that of patients with H1N1, and there was a higher proportion of male subjects among the COVID-19 cohort (P < .05). Patients with COVID-19 exhibited higher proportions of nonproductive coughs, fatigue, and GI symptoms than those of patients with H1N1 (P < .05). Patients with H1N1 had higher Sequential Organ Failure Assessment (SOFA) scores than patients with COVID-19 (P < .05). The Pao 2/Fio 2 of 198.2 mm Hg in the COVID-19 cohort was significantly higher than the Pao 2/Fio 2 of 107.0 mm Hg in the H1N1 cohort (P < .001). Ground-glass opacities was more common in patients with COVID-19 than in patients with H1N1 (P < .001). There was a greater variety of antiviral therapies administered to COVID-19 patients than to H1N1 patients. The in-hospital mortality of patients with COVID-19 was 28.8%, whereas that of patients with H1N1 was 34.7% (P = .483). SOFA score-adjusted mortality of H1N1 patients was significantly higher than that of COVID-19 patients, with a rate ratio of 2.009 (95% CI, 1.563-2.583; P < .001). Interpretation There were many differences in clinical presentations between patients with ARDS infected with either COVID-19 or H1N1. Compared with H1N1 patients, patients with COVID-19-induced ARDS had lower severity of illness scores at presentation and lower SOFA score-adjusted mortality."
6z9e5gi6,Clinical phenotypes of SARS-CoV-2: implications for clinicians and researchers,"Patients with COVID-19 present a broad spectrum of clinical presentation. Whereas hypoxaemia is the marker of severity, different strategies of management should be customised to five specific individual phenotypes. Many intubated patients present with phenotype 4, characterised by pulmonary hypoxic vasoconstriction, being associated with severe hypoxaemia with “normal” (>40 mL·cmH(2)O(−1)) lung compliance and likely representing pulmonary microvascular thrombosis. Phenotype 5 is often associated with high plasma procalcitonin and has low pulmonary compliance, Which is a result of co-infection or acute lung injury after noninvasive ventilation. Identifying these clinical phenotypes and applying a personalised approach would benefit the optimisation of therapies and improve outcomes."
kpckcyp6,Pandemics and methodological developments in epidemiology history,"• Catastrophic pandemics since the 17(th) century appear to have spurred innovative methods, concepts, and institutions in epidemiology; • The plague, cholera, tuberculosis, influenza, and HIV/AIDS left a longstanding imprints on epidemiologic methods and concepts; • Pandemics may generate an urgent need for methods that overcome the inadequacy of older methods; • Covid-19 specific contribution could be a greater understanding of population thinking beyond academic and professional circles."
6ge2ihcs,Gastrointestinal endoscopy during COVID-19 pandemic: an updated review of guidelines and statements from international and national societies,
xw3n0fhi,The development of Chinese specific human cytomegalovirus polyepitope recombinant vaccine,"Abstract Human cytomegalovirus (HCMV) infection is a major cause of morbidity in the recipients of organ transplants and in the congenitally infected infants. HCMV vaccine has emerged as an effective approach to prevent HCMV infection particularly for the development of multiple viral antigens vaccination and human leukocyte antigen (HLA)-restricted polyepitope technology. As the Chinese population makes up more than one fifth of the population worldwide, it is important to develop HCMV vaccines more specific for the Chinese population by targeting Chinese-restricted HLA alleles and antigens. In the present study, we designed a novel chimeric polyepitope vaccine based on the replication-deficient adenovirus Ad5F35, which encodes 83 HCMV T cell epitopes from 15 different HCMV antigens, restricted to 14 HLA I and 7 HLA II alleles that cover 92% of the Chinese population. Our results show that the recombinant adenovirus vaccine Ad5F35-CTL·Th can be efficiently transfected and expressed in peripheral blood mononuclear cells (PBMCs) with little cytopathic activity. Ad5F35-CTL·Th can also be endogenously processed and presented by PBMCs. Ad5F35-CTL·Th-stimulated HCMV-specific cytotoxic T lymphocytes (CTLs) showed strong cytolytic activity against HCMV polyepitope-sensitized target cells. The CTL activity was accompanied by high levels of IFN-γ production after Ad5F35-CTL·Th stimulation. The specificity and vigorous response to the recombinant adenovirus vaccine in vitro makes it a potential candidate to be used for transplantation recipients or congenitally infected infants."
ua0ikrt1,Immunoinformatics characterization of SARS-CoV-2 spike glycoprotein for prioritization of epitope based multivalent peptide vaccine,"The COVID-19 pandemic caused by SARS-CoV-2 is a public health emergency of international concern and thus calling for the development of effective and safe therapeutics and prophylactics particularly a vaccine to protect against the infection. SARS-CoV-2 spike glycoprotein is an attractive candidate for a vaccine, antibodies, and inhibitors development because of the many roles it plays in attachment, fusion and entry into the host cell. In the present investigation, we characterized the SARS-CoV-2 spike glycoprotein by immunoinformatics techniques to put forward potential B and T cell epitopes, followed by the use of epitopes in construction of a multi-epitope peptide vaccine construct (MEPVC). The MEPVC revealed robust host immune system simulation with high production of immunoglobulins, cytokines and interleukins. Stable conformation of the MEPVC with a representative innate immune TLR3 receptor was observed involving strong hydrophobic and hydrophilic chemical interactions, along with enhanced contribution from salt-bridges towards inter-molecular stability. Molecular dynamics simulation in aqueous milieu aided further in interpreting strong affinity of the MEPVC for TLR3. This stability is the attribute of several vital residues from both TLR3 and MEPVC as shown by radial distribution function (RDF) and a novel axial frequency distribution (AFD) analytical tool. Comprehensive binding free energies estimation was provided at the end that concluded major domination by electrostatic and minor from van der Waals. Summing all, the designed MEPVC has tremendous potential of providing protective immunity against COVID-19 and thus could be considered in experimental studies."
code9hzz,Saudi Arabia`s measures to curb the COVID-19 outbreak: temporary suspension of the Umrah pilgrimage,
isxko583,Impulsive vaccination and dispersal on dynamics of an SIR epidemic model with restricting infected individuals boarding transports,"Abstract To understand the effect of impulsive vaccination and restricting infected individuals boarding transports on disease spread, we establish an SIR model with impulsive vaccination, impulsive dispersal and restricting infected individuals boarding transports. This SIR epidemic model for two regions, which are connected by transportation of non-infected individuals, portrays the evolvement of diseases. We prove that all solutions of the investigated system are uniformly ultimately bounded. We also prove that there exists globally asymptotically stable infection-free boundary periodic solution. The condition for permanence is discussed. It is concluded that the approach of impulsive vaccination and restricting infected individuals boarding transports provides reliable tactic basis for preventing disease spread."
0htu9ap2,Rapid diagnostic methods for acute viral respiratory infections,
rd9uq6tc,COVID‐19: The Uninvited Guest in the Intensive Care Unit — Implications for Pharmacotherapy,"As the number of cases of COVID-19 (SARS-CoV-2) rise in the United States (US), the number of severe cases (those requiring ICU admission) rise with it. Initially, the estimate for severe cases was approximated at 5% based on experience from China.1, 2 However, the World Health Organization's (WHO) estimate from China for severe and critical cases is near 20% (Table).3 The primary clinical feature of COVID-19 is pneumonia, the severity of which directs the clinical course; it has been estimated that, of patients admitted to the ICU, up to half may require either invasive or non-invasive ventilatory support.4 This has created an unprecedented situation for emergency and critical care medicine."
14n4szd1,Active surveillance documents rates of clinical care seeking due to respiratory illness,"BACKGROUND: Respiratory viral infections are a leading cause of disease worldwide. However, the overall community prevalence of infections has not been properly assessed, as standard surveillance is typically acquired passively among individuals seeking clinical care. METHODS: We conducted a prospective cohort study in which participants provided daily diaries and weekly nasopharyngeal specimens that were tested for respiratory viruses. These data were used to analyze healthcare seeking behavior, compared with cross‐sectional ED data and NYC surveillance reports, and used to evaluate biases of medically attended ILI as signal for population respiratory disease and infection. RESULTS: The likelihood of seeking medical attention was virus‐dependent: higher for influenza and metapneumovirus (19%‐20%), lower for coronavirus and RSV (4%), and 71% of individuals with self‐reported ILI did not seek care and half of medically attended symptomatic manifestations did not meet the criteria for ILI. Only 5% of cohort respiratory virus infections and 21% of influenza infections were medically attended and classifiable as ILI. We estimated 1 ILI event per person/year but multiple respiratory infections per year. CONCLUSION: Standard, healthcare‐based respiratory surveillance has multiple limitations. Specifically, ILI is an incomplete metric for quantifying respiratory disease, viral respiratory infection, and influenza infection. The prevalence of respiratory viruses, as reported by standard, healthcare‐based surveillance, is skewed toward viruses producing more severe symptoms. Active, longitudinal studies are a helpful supplement to standard surveillance, can improve understanding of the overall circulation and burden of respiratory viruses, and can aid development of more robust measures for controlling the spread of these pathogens."
bf79lj4f,Social determinants of health inequalities: towards a theoretical perspective using systems science,"A systems approach offers a novel conceptualization to natural and social systems. In recent years, this has led to perceiving population health outcomes as an emergent property of a dynamic and open, complex adaptive system. The current paper explores these themes further and applies the principles of systems approach and complexity science (i.e. systems science) to conceptualize social determinants of health inequalities. The conceptualization can be done in two steps: viewing health inequalities from a systems approach and extending it to include complexity science. Systems approach views health inequalities as patterns within the larger rubric of other facets of the human condition, such as educational outcomes and economic development. This anlysis requires more sophisticated models such as systems dynamic models. An extension of the approach is to view systems as complex adaptive systems, i.e. systems that are 'open' and adapt to the environment. They consist of dynamic adapting subsystems that exhibit non-linear interactions, while being 'open' to a similarly dynamic environment of interconnected systems. They exhibit emergent properties that cannot be estimated with precision by using the known interactions among its components (such as economic development, political freedom, health system, culture etc.). Different combinations of the same bundle of factors or determinants give rise to similar patterns or outcomes (i.e. property of convergence), and minor variations in the initial condition could give rise to widely divergent outcomes. Novel approaches using computer simulation models (e.g. agent-based models) would shed light on possible mechanisms as to how factors or determinants interact and lead to emergent patterns of health inequalities of populations."
ph15z424,Pan-human coronavirus and human bocavirus SYBR Green and TaqMan PCR assays; use in studying influenza A viruses co-infection and risk of hospitalization,"PURPOSE: Influenza A viruses, human coronaviruses (hCoV) and human bocavirus (hBoV) are emerging respiratory viruses. This study investigated the association between influenza A viruses co-infection with hBoV and hCoV and severity and the sensitivity of a real-time polymerase chain reaction (RT-PCR) assay for identification of 15 coronaviruses. METHODOLOGY: Published sequences for the 15 human coronaviruses were used to design a consensus PCR targeting the replicase open reading frame 1b. A previously published PCR targeting the NS1 Gene of all known human bocavirus strains was also utilized. A series of 217 samples from patients aged 37.7 (SD ± 30.4)] with seasonal influenza A viruses (SeasFluA) identified between 06/2011 and 06/2012 in NW England were tested for hCoV and hBoV using RT-PCR. Association between co-infection and disease outcome was assessed using logistic regression. RESULTS: The limit of detection of hCoV RT-PCR assay was 2 copies/µl of human coronavirus RNA template, a sensitivity comparable to a previously published SYBR green assay for human coronaviruses. A total of 12 hCoV and 17 hBoV were identified in the 217 influenza A positive samples. A higher proportion (61.5 %; 8/13) of SeasFluA/hBoV co-infections were identified in patients that were admitted either to a general ward or the intensive care unit compared to 44.3 % (66/149) of single SeasFlu A virus infections (OR 2.5 95 % CI 0.67–9.34, p = 0.17). In a stratified analysis, there was a trend towards higher association between FluA, hCoV and hBoV with increasing age (especially in patients aged 24–45 years and >65 year old). CONCLUSION: Our hCoV RT-PCR protocol appeared to be of adequate analytical sensitivity for diagnosis. More and larger studies are needed to confirm the role of hCoV, hBoV in causing severe disease when they co-infect with influenza A viruses."
lffsogc9,Isolation and characterization of avian coronavirus from healthy Eclectus parrots (Eclectus roratus) from Indonesia,"BACKGROUND AND AIM: Avian coronavirus has a wide range of hosts, from chickens and turkeys to wild birds. This virus causes an economically and, possibly, environmentally, important loss in the poultry industry. Therefore, research into the avian coronavirus in various species of birds is required. The Eclectus parrot (Eclectus roratus) is an endemic bird to Indonesia and Northern Australia and often kept as pets. At present, there has been limited information about avian coronavirus infection among birds. This study aimed to determine the presence of and to characterize avian coronavirus isolated from Eclectus parrots in Indonesia. MATERIALS AND METHODS: Cloacal swab samples were taken from 10 healthy Eclectus parrots (E. roratus). Each isolate was propagated into specific pathogen-free embryonated chicken eggs. The presence of avian coronavirus was determined using three sets of primers targeting the 3’ untranslated region (3’-UTR) of avian coronavirus (UTR41+/11−), the N gene of the infectious bronchitis virus (IBVN+/−), and the S1 gene of the IBV (XCE2+/XCE2−). The infectious bronchitis vaccine strain H120 was used as a positive control. Resulting positive bands were sequenced for the S1 gene. RESULTS: None of the isolates was positive for the 3’-UTR, four isolates were positive for the N gene of infectious bronchitis, and two isolates were positive for the S1 gene of the IBV. However, only one isolate (parrot/Indonesia/BX9/16) was sequenced for the partial S1 gene with primers XCE2+/XCE2−. The partial nucleotide sequence of this isolate showed 100% homology with the IBV GI-13 lineage, specifically with a field isolate of the 4/91 variant 1 Israel and the 4/91 vaccine on the hypervariable region 3 site of the S1 gene. CONCLUSION: An IB-like avian coronavirus was isolated from healthy Eclectus parrots. Our results indicate that IBV has a wide range of hosts, which prompt the need to understand the interspecies connection of this virus better."
to9awvi9,"Temperature, Humidity, and Latitude Analysis to Estimate Potential Spread and Seasonality of Coronavirus Disease 2019 (COVID-19)","IMPORTANCE: Coronavirus disease 2019 (COVID-19) infection has resulted in a global crisis. Investigating the potential association of climate and seasonality with the spread of this infection could aid in preventive and surveillance strategies. OBJECTIVE: To examine the association of climate with the spread of COVID-19 infection. DESIGN, SETTING, AND PARTICIPANTS: This cohort study examined climate data from 50 cities worldwide with and without substantial community spread of COVID-19. Eight cities with substantial spread of COVID-19 (Wuhan, China; Tokyo, Japan; Daegu, South Korea; Qom, Iran; Milan, Italy; Paris, France; Seattle, US; and Madrid, Spain) were compared with 42 cities that have not been affected or did not have substantial community spread. Data were collected from January to March 10, 2020. MAIN OUTCOMES AND MEASURES: Substantial community transmission was defined as at least 10 reported deaths in a country as of March 10, 2020. Climate data (latitude, mean 2-m temperature, mean specific humidity, and mean relative humidity) were obtained from ERA-5 reanalysis. RESULTS: The 8 cities with substantial community spread as of March 10, 2020, were located on a narrow band, roughly on the 30° N to 50° N corridor. They had consistently similar weather patterns, consisting of mean temperatures of between 5 and 11 °C, combined with low specific humidity (3-6 g/kg) and low absolute humidity (4-7 g/m(3)). There was a lack of substantial community establishment in expected locations based on proximity. For example, while Wuhan, China (30.8° N) had 3136 deaths and 80 757 cases, Moscow, Russia (56.0° N), had 0 deaths and 10 cases and Hanoi, Vietnam (21.2° N), had 0 deaths and 31 cases. CONCLUSIONS AND RELEVANCE: In this study, the distribution of substantial community outbreaks of COVID-19 along restricted latitude, temperature, and humidity measurements was consistent with the behavior of a seasonal respiratory virus. Using weather modeling, it may be possible to estimate the regions most likely to be at a higher risk of substantial community spread of COVID-19 in the upcoming weeks, allowing for concentration of public health efforts on surveillance and containment."
nost507w,Genome-Wide Transcriptional Profiling Reveals Two Distinct Outcomes in Central Nervous System Infections of Rabies Virus,"Rabies remains a major public health concern in many developing countries. The precise neuropathogenesis of rabies is unknown, though it is hypothesized to be due to neuronal death or dysfunction. Mice that received intranasal inoculation of an attenuated rabies virus (RABV) strain HEP-Flury exhibited subtle clinical signs, and eventually recovered, which is different from the fatal encephalitis caused by the virulent RABV strain CVS-11. To understand the neuropathogenesis of rabies and the mechanisms of viral clearance, we applied RNA sequencing (RNA-Seq) to compare the brain transcriptomes of normal mice vs. HEP-Flury or CVS-11 intranasally inoculated mice. Our results revealed that both RABV strains altered positively and negatively the expression levels of many host genes, including genes associated with innate and adaptive immunity, inflammation and cell death. It is found that HEP-Flury infection can activate the innate immunity earlier through the RIG-I/MDA-5 signaling, and the innate immunity pre-activated by HEP-Flury or Newcastle disease virus (NDV) infection can effectively prevent the CVS-11 to invade central nervous system (CNS), but fails to clear the CVS-11 after its entry into the CNS. In addition, following CVS-11 infection, genes implicated in cell adhesion, blood vessel morphogenesis and coagulation were mainly up-regulated, while the genes involved in synaptic transmission and ion transport were significantly down-regulated. On the other hand, several genes involved in the MHC class II-mediated antigen presentation pathway were activated to a greater extent after the HEP-Flury infection as compared with the CVS-11 infection suggesting that the collaboration of CD4(+) T cells and MHC class II-mediated antigen presentation is critical for the clearance of attenuated RABV from the CNS. The differentially regulated genes reported here are likely to include potential therapeutic targets for expanding the post-exposure treatment window for RABV infection."
vx2t7jgu,Why is it difficult to accurately predict the COVID-19 epidemic?,"Since the COVID-19 outbreak in Wuhan City in December of 2019, numerous model predictions on the COVID-19 epidemics in Wuhan and other parts of China have been reported. These model predictions have shown a wide range of variations. In our study, we demonstrate that nonidentifiability in model calibrations using the confirmed-case data is the main reason for such wide variations. Using the Akaike Information Criterion (AIC) for model selection, we show that an SIR model performs much better than an SEIR model in representing the information contained in the confirmed-case data. This indicates that predictions using more complex models may not be more reliable compared to using a simpler model. We present our model predictions for the COVID-19 epidemic in Wuhan after the lockdown and quarantine of the city on January 23, 2020. We also report our results of modeling the impacts of the strict quarantine measures undertaken in the city after February 7 on the time course of the epidemic, and modeling the potential of a second outbreak after the return-to-work in the city."
nrb9r9g4,"PPG Donating 80,000 Masks to Support Coronavirus Relief Efforts",
kezdsyzt,Extracting Possibly Representative COVID-19 Biomarkers from X-ray Images with Deep Learning Approach and Image Data Related to Pulmonary Diseases,"PURPOSE: While the spread of COVID-19 is increased, new, automatic, and reliable methods for accurate detection are essential to reduce the exposure of the medical experts to the outbreak. X-ray imaging, although limited to specific visualizations, may be helpful for the diagnosis. In this study, the problem of automatic classification of pulmonary diseases, including the recently emerged COVID-19, from X-ray images, is considered. METHODS: Deep Learning has proven to be a remarkable method to extract massive high-dimensional features from medical images. Specifically, in this paper, the state-of-the-art Convolutional Neural Network called Mobile Net is employed and trained from scratch to investigate the importance of the extracted features for the classification task. A large-scale dataset of 3905 X-ray images, corresponding to 6 diseases, is utilized for training MobileNet v2, which has been proven to achieve excellent results in related tasks. RESULTS: Training the CNNs from scratch outperforms the other transfer learning techniques, both in distinguishing the X-rays between the seven classes and between Covid-19 and non-Covid-19. A classification accuracy between the seven classes of 87.66% is achieved. Besides, this method achieves 99.18% accuracy, 97.36% Sensitivity, and 99.42% Specificity in the detection of COVID-19. CONCLUSION: The results suggest that training CNNs from scratch may reveal vital biomarkers related but not limited to the COVID-19 disease, while the top classification accuracy suggests further examination of the X-ray imaging potential."
bu7j7kdr,"Structure, Evolutionary Conservation, and Functions of Angiotensin- and Endothelin-Converting Enzymes","Abstract Angiotensin-converting enzyme, a member of the M2 metalloprotease family, and endothelin-converting enzyme, a member of the M13 family, are key components in the regulation of blood pressure and electrolyte balance in mammals. From this point of view, they serve as important drug targets. Recently, the involvement of these enzymes in the development of Alzheimer's disease was discovered. The existence of homologs of these enzymes in invertebrates indicates that these enzyme systems are highly conserved during evolution. Most invertebrates lack a closed circulatory system, which excludes the need for blood pressure regulators. Therefore, these organisms represent excellent targets for gaining new insights and revealing additional physiological roles of these important enzymes. This chapter reviews the structural and functional aspects of ACE and ECE and will particularly focus on these enzyme homologues in invertebrates."
txdawva5,Immune responses to porcine epidemic diarrhea virus (PEDV) in swine and protection against subsequent infection,"Understanding the immune responses against Porcine epidemic diarrhea virus (PEDV) is important to prevent infection and to design control strategies. We evaluated both systemic and mucosal immune responses to PEDV in pigs and assessed if prior exposure to virus protects against re-infection. Three-week-old pigs were infected with PEDV and immune response in blood, intestine, and mesenteric lymph node (MLN) was evaluated. At 30 dpi, virus exposed pigs were challenged with a field isolate of PEDV and immune response at 5 d post challenge was evaluated. We found that PEDV RNA persists in the intestine even after fecal shedding of the virus was stopped at 28 dpi and pigs previously exposed to PEDV are protected from virus shedding after re-infection. PEDV infection induced both humoral and cell mediated immune response with an increase in PEDV specific IgA and IgG antibodies in intestine and serum. Flow cytometry analysis showed a significantly higher frequency of B cells and lower frequency of T cells at 4 dpi. The frequency of CD4/CD8 double positive (DP) memory T cells was significantly increased in the MLN of challenged animals. These studies may provide further insights into understanding the mucosal immune response to PEDV and its role in protection against disease."
vtlz9xid,Clinical and High-Resolution CT Features of the COVID-19 Infection: Comparison of the Initial and Follow-up Changes,"OBJECTIVES: In late December 2019, an outbreak of coronavirus disease (COVID-19) in Wuhan, China was caused by a novel coronavirus, newly named severe acute respiratory syndrome coronavirus 2. We aimed to quantify the severity of COVID-19 infection on high-resolution chest computed tomography (CT) and to determine its relationship with clinical parameters. MATERIALS AND METHODS: From January 11, 2020, to February 5, 2020, the clinical, laboratory, and high-resolution CT features of 42 patients (26–75 years, 25 males) with COVID-19 were analyzed. The initial and follow-up CT, obtained a mean of 4.5 days and 11.6 days from the illness onset were retrospectively assessed for the severity and progression of pneumonia. Correlations among clinical parameters, initial CT features, and progression of opacifications were evaluated with Spearman correlation and linear regression analysis. RESULTS: Thirty-five patients (83%) exhibited a progressive process according to CT features during the early stage from onset. Follow-up CT findings showed progressive opacifications, consolidation, interstitial thickening, fibrous strips, and air bronchograms, compared with initial CT (all P < 0.05). Before regular treatments, there was a moderate correlation between the days from onset and sum score of opacifications (R = 0.68, P < 0.01). The C-reactive protein, erythrocyte sedimentation rate, and lactate dehydrogenase showed significantly positive correlation with the severity of pneumonia assessed on initial CT (R(range), 0.36–0.75; P < 0.05). The highest temperature and the severity of opacifications assessed on initial CT were significantly related to the progression of opacifications on follow-up CT (P = 0.001–0.04). CONCLUSIONS: Patients with the COVID-19 infection usually presented with typical ground glass opacities and other CT features, which showed significant correlations with some clinical and laboratory measurements. Follow-up CT images often demonstrated progressions during the early stage from illness onset."
eztw9tx6,Mutation in Spike Protein Cleavage Site and Pathogenesis of Feline Coronavirus,"Feline coronaviruses (FCoV) exist as 2 biotypes: feline enteric coronavirus (FECV) and feline infectious peritonitis virus (FIPV). FECV causes subclinical infections; FIPV causes feline infectious peritonitis (FIP), a systemic and fatal disease. It is thought that mutations in FECV enable infection of macrophages, causing FIP. However, the molecular basis for this biotype switch is unknown. We examined a furin cleavage site in the region between receptor-binding (S1) and fusion (S2) domains of the spike of serotype 1 FCoV. FECV sequences were compared with FIPV sequences. All FECVs had a conserved furin cleavage motif. For FIPV, there was a correlation with the disease and >1 substitution in the S1/S2 motif. Fluorogenic peptide assays confirmed that the substitutions modulate furin cleavage. We document a functionally relevant S1/S2 mutation that arises when FIP develops in a cat. These insights into FIP pathogenesis may be useful in development of diagnostic, prevention, and treatment measures against coronaviruses."
413yt99x,The early landscape of COVID‐19 vaccine development in the UK and rest of the world,"Since the first WHO notification on 31st December 2019, COVID‐19, the respiratory disease caused by the coronavirus SARS‐CoV‐2, has been responsible for over 4 million confirmed infections, and almost 300,000 deaths worldwide. The pandemic has led to over half of the world's population living under lockdown conditions. To allow normal life to resume, public health interventions will be needed to prevent further waves of infections as lockdown measures are lifted. As one of the most effective countermeasures against infectious diseases, an efficacious vaccine is considered crucial to containing the COVID‐19 pandemic. Following the publication of the genome sequence of SARS‐CoV‐2, vaccine development has accelerated at an unprecedented pace across the world. Here we review the different platforms employed to develop vaccines, the standard timelines of development and how they can be condensed in a pandemic situation. We focus on vaccine development in the UK and vaccines which have entered clinical trials around the world."
hui5jaiu,Structure and Function of Angiotensin Converting Enzyme and Its Inhibitors,"Abstract Angiotensin converting enzyme (ACE, EC 3.4.15.1) is a membrane-bound, zinc dependent dipeptidase that catalyzes the conversion of the decapeptide angiotensin I to the potent vasopressor octapeptide angiotensin II by removing the two C-terminal amino acids. ACE is well known to be a key part of the rennin-angiotensin system that regulates blood pressure. The inhibitors of ACE have the potency of treating hypertension. This article reviews the structure-function relationship of ACE as well as its gene polymorphism and inhibitor development. In particular, it has been found that the catalytic mechanisms of the two active sites of somatic ACE in the cleavage of angiotensin I and bradykin are different. Therefore, by specifically targeting the individual active sites of somatic ACE, it will likely offer a new way to develop novel ACE inhibitors with fewer side effects."
wivzfv6t,Severe Acute Respiratory Syndrome–associated Coronavirus Infection,"Whether severe acute respiratory syndrome–associated coronavirus (SARS-CoV) infection can be asymptomatic is unclear. We examined the seroprevalence of SARS-CoV among 674 healthcare workers from a hospital in which a SARS outbreak had occurred. A total of 353 (52%) experienced mild self-limiting illnesses, and 321 (48%) were asymptomatic throughout the course of these observations. None of these healthcare workers had antibody to SARS CoV, indicating that subclinical or mild infection attributable to SARS CoV in adults is rare."
obes9kjl,Group-specific structural features of the 5′-proximal sequences of coronavirus genomic RNAs,"Abstract Global predictions of the secondary structure of coronavirus (CoV) 5′ untranslated regions and adjacent coding sequences revealed the presence of conserved structural elements. Stem loops (SL) 1, 2, 4, and 5 were predicted in all CoVs, while the core leader transcription-regulating sequence (L-TRS) forms SL3 in only some CoVs. SL5 in group I and II CoVs, with the exception of group IIa CoVs, is characterized by the presence of a large sequence insertion capable of forming hairpins with the conserved 5′-UUYCGU-3′ loop sequence. Structure probing confirmed the existence of these hairpins in the group I Human coronavirus-229E and the group II Severe acute respiratory syndrome coronavirus (SARS-CoV). In general, the pattern of the 5′ cis-acting elements is highly related to the lineage of CoVs, including features of the conserved hairpins in SL5. The function of these conserved hairpins as a putative packaging signal is discussed."
aed6psww,A case report of possible novel coronavirus 2019 reinfection,"Since December 2019, COVID-19, the clinical syndrome associated with SARS-CoV-2 infection, has infected more than 6.2 million people and brought the function of the global community to a halt. As the number of patients recovered from COVID-19 rises and the world transitions toward reopening, the question of acquired immunity versus the possibility of reinfection are critical to anticipating future viral spread. Here, we present a case of a patient previously recovered from COVID-19 who re-presents with new respiratory, radiographical, laboratory, and RT-PCR findings concerning for re-infection. We review this case in the context of the evolving discussion and theories surrounding dynamic RT-PCR results, prolonged viral shedding, and the possibility of developed immunity."
6wsy33bv,Will the real angiotensin converting enzyme please stand up?,
jyimgh44,Loss and Grief amidst COVID-19: A Path to Adaptation and Resilience,"Abstract The COVID-19 pandemic has posed an extreme threat to global health and become a leading cause of death worldwide. Loss, as a more encompassing theme, interweaves many aspects of people’s life in this challenging time. Failure to address the pressing needs of those experiencing loss and grief may result in poor mental and physical health. Recognizing the uniqueness of each individual and their loss and grief will provide opportunities to develop tailored strategies that facilitate functional adaptation to loss and promote mental health and wellbeing in this crisis."
zsx7wfyj,"Epidemiology, Genetic Recombination, and Pathogenesis of Coronaviruses","Human coronaviruses (HCoVs) were first described in the 1960s for patients with the common cold. Since then, more HCoVs have been discovered, including those that cause severe acute respiratory syndrome (SARS) and Middle East respiratory syndrome (MERS), two pathogens that, upon infection, can cause fatal respiratory disease in humans. It was recently discovered that dromedary camels in Saudi Arabia harbor three different HCoV species, including a dominant MERS HCoV lineage that was responsible for the outbreaks in the Middle East and South Korea during 2015. In this review we aim to compare and contrast the different HCoVs with regard to epidemiology and pathogenesis, in addition to the virus evolution and recombination events which have, on occasion, resulted in outbreaks amongst humans."
25t4p4n8,Rapid response to an emerging infectious disease – Lessons learned from development of a synthetic DNA vaccine targeting Zika virus,"Abstract Vaccines are considered one of the greatest advances in modern medicine. The global burden of numerous infectious diseases has been significantly reduced, and in some cases, effectively eradicated through the deployment of specific vaccines. However, efforts to develop effective new vaccines against infectious pathogens such as influenza, Human immunodeficiency virus (HIV), dengue virus (DENV), chikungunya virus (CHIKV), Ebola virus, and Zika virus (ZIKV) have proven challenging. Zika virus is a mosquito-vectored flavivirus responsible for periodic outbreaks of disease in Africa, Southeast Asia, and the Pacific Islands dating back over 50 years. Over this period, ZIKV infections were subclinical in most infected individuals and resulted in mild cases of fever, arthralgia, and rash in others. Concerns about ZIKV changed over the past two years, however, as outbreaks in Brazil, Central American countries, and Caribbean islands revealed novel aspects of infection including vertical and sexual transmission modes. Cases have been reported showing dramatic neurological pathologies including microcephaly and other neurodevelopmental problems in babies born to ZIKV infected mothers, as well as an increased risk of Guillain-Barre syndrome in adults. These findings prompted the World Health Organization to declare ZIKV a public health emergency in 2016, which resulted in expanded efforts to develop ZIKV vaccines and immunotherapeutics. Several ZIKV vaccine candidates that are immunogenic and effective at blocking ZIKV infection in animal models have since been developed, with some of these now being evaluated in the clinic. Additional therapeutics under investigation include anti-ZIKV monoclonal antibodies (mAbs) that have been shown to neutralize infection in vitro as well as protect against morbidity in mouse models of ZIKV infection. In this review, we summarize the current understanding of ZIKV biology and describe our efforts to rapidly develop a vaccine against ZIKV."
kbt5gdyy,Characterization of neutralizing antibodies from a SARS-CoV-2 infected individual,"B cells specific for the SARS-CoV-2 S envelope glycoprotein spike were isolated from a COVID-19-infected subject using a stabilized spike-derived ectodomain (S2P) twenty-one days post-infection. Forty-four S2P-specific monoclonal antibodies were generated, three of which bound to the receptor binding domain (RBD). The antibodies were minimally mutated from germline and were derived from different B cell lineages. Only two antibodies displayed neutralizing activity against SARS-CoV-2 pseudo-virus. The most potent antibody bound the RBD in a manner that prevented binding to the ACE2 receptor, while the other bound outside the RBD. Our study indicates that the majority of antibodies against the viral envelope spike that were generated during the first weeks of COVID-19 infection are non-neutralizing and target epitopes outside the RBD. Antibodies that disrupt the SARS-CoV-2 spike-ACE2 interaction can potently neutralize the virus without undergoing extensive maturation. Such antibodies have potential preventive/therapeutic potential and can serve as templates for vaccine-design. IN BRIEF SARS-CoV-2 infection leads to expansion of diverse B cells clones against the viral spike glycoprotein (S). The antibodies bind S with high affinity despite being minimally mutated. Thus, the development of neutralizing antibody responses by vaccination will require the activation of certain naïve B cells without requiring extensive somatic mutation. Highlights Analysis of early B cell response to SARS-CoV-2 spike protein Most antibodies target non-neutralizing epitopes Potent neutralizing mAb blocks the interaction of the S protein with ACE2 Neutralizing antibodies are minimally mutated"
npob20n0,Angiotensin-Converting Enzyme 2: SARS-CoV-2 Receptor and Regulator of the Renin-Angiotensin System: Celebrating the 20th Anniversary of the Discovery of ACE2,"ACE2 (angiotensin-converting enzyme 2) has a multiplicity of physiological roles that revolve around its trivalent function: a negative regulator of the renin-angiotensin system, facilitator of amino acid transport, and the severe acute respiratory syndrome-coronavirus (SARS-CoV) and SARS-CoV-2 receptor. ACE2 is widely expressed, including, in the lungs, cardiovascular system, gut, kidneys, central nervous system, and adipose tissue. ACE2 has recently been identified as the SARS-CoV-2 receptor, the infective agent responsible for coronavirus disease 2019, providing a critical link between immunity, inflammation, ACE2, and cardiovascular disease. Although sharing a close evolutionary relationship with SARS-CoV, the receptor-binding domain of SARS-CoV-2 differs in several key amino acid residues, allowing for stronger binding affinity with the human ACE2 receptor, which may account for the greater pathogenicity of SARS-CoV-2. The loss of ACE2 function following binding by SARS-CoV-2 is driven by endocytosis and activation of proteolytic cleavage and processing. The ACE2 system is a critical protective pathway against heart failure with reduced and preserved ejection fraction including, myocardial infarction and hypertension, and against lung disease and diabetes mellitus. The control of gut dysbiosis and vascular permeability by ACE2 has emerged as an essential mechanism of pulmonary hypertension and diabetic cardiovascular complications. Recombinant ACE2, gene-delivery of Ace2, Ang 1–7 analogs, and Mas receptor agonists enhance ACE2 action and serve as potential therapies for disease conditions associated with an activated renin-angiotensin system. rhACE2 (recombinant human ACE2) has completed clinical trials and efficiently lowered or increased plasma angiotensin II and angiotensin 1-7 levels, respectively. Our review summarizes the progress over the past 20 years, highlighting the critical role of ACE2 as the novel SARS-CoV-2 receptor and as the negative regulator of the renin-angiotensin system, together with implications for the coronavirus disease 2019 pandemic and associated cardiovascular diseases."
ozxcv68x,Evidence of Short-Range Aerosol Transmission of Severe Acute Respiratory Syndrome Coronavirus-2 and Call for Universal Airborne Precautions for Anesthesiologists During the Coronavirus Disease 2019 Pandemic,
bn2loscc,Field Effectiveness of Pandemic and 2009-2010 Seasonal Vaccines against 2009-2010 A(H1N1) Influenza: Estimations from Surveillance Data in France,"BACKGROUND: In this study, we assess how effective pandemic and trivalent 2009-2010 seasonal vaccines were in preventing influenza-like illness (ILI) during the 2009 A(H1N1) pandemic in France. We also compare vaccine effectiveness against ILI versus laboratory-confirmed pandemic A(H1N1) influenza, and assess the possible bias caused by using non-specific endpoints and observational data. METHODOLOGY AND PRINCIPAL FINDINGS: We estimated vaccine effectiveness by using the following formula: VE = (PPV-PCV)/(PPV(1-PCV)) × 100%, where PPV is the proportion vaccinated in the population and PCV the proportion of vaccinated influenza cases. People were considered vaccinated three weeks after receiving a dose of vaccine. ILI and pandemic A(H1N1) laboratory-confirmed cases were obtained from two surveillance networks of general practitioners. During the epidemic, 99.7% of influenza isolates were pandemic A(H1N1). Pandemic and seasonal vaccine uptakes in the population were obtained from the National Health Insurance database and by telephonic surveys, respectively. Effectiveness estimates were adjusted by age and week. The presence of residual biases was explored by calculating vaccine effectiveness after the influenza period. The effectiveness of pandemic vaccines in preventing ILI was 52% (95% confidence interval: 30–69) during the pandemic and 33% (4–55) after. It was 86% (56–98) against confirmed influenza. The effectiveness of seasonal vaccines against ILI was 61% (56–66) during the pandemic and 19% (−10–41) after. It was 60% (41–74) against confirmed influenza. CONCLUSIONS: The effectiveness of pandemic vaccines in preventing confirmed pandemic A(H1N1) influenza on the field was high, consistently with published findings. It was significantly lower against ILI. This is unsurprising since not all ILI cases are caused by influenza. Trivalent 2009-2010 seasonal vaccines had a statistically significant effectiveness in preventing ILI and confirmed pandemic influenza, but were not better in preventing confirmed pandemic influenza than in preventing ILI. This lack of difference might be indicative of selection bias."
7xkj27ph,Coronavirus leader‐RNA‐primed transcription: An alternative mechanism to RNA splicing,"Many viral and cellular mRNA species contain a leader sequence derived from a distant upstream site on the same gene by a process of RNA splicing. This process usually involves either nuclear functions or self‐splicing of RNA molecules. Coronavirus, a cytoplasmic RNA virus, unfolds yet another mechanism of joining RNA, which involves the use of a free leader RNA molecule. This molecule is synthesized and dissociates from the template RNA, and subsequently reassociates with the template RNA at down‐stream initiation sites of subgenomic mRNAs to serve as the primer for transcription. This leader‐primed transcriptional process thus generates viral mRNAs with a fused leader sequence. A similar mechanism might also operate in the mRNA transcription of African trypanosomes."
o1w5jqkv,Lack of seasonal variation of Middle East Respiratory Syndrome Coronavirus (MERS-CoV),
p2ufydgs,Importance of face masks for COVID-19 – a call for effective public education,"Considerable debates about the general community use of face masks for protection against COVID-19 stemmed out from differing views taken by health authorities. Misconceptions and stigmatization towards the use of face masks may hinder the containment of the COVID-19 pandemic. We address this previous debate by analyzing the advice on the community use of masks across different credible health authorities: countries that promoted the use of masks acknowledged that masks are effective, but also explained the importance of their proper use along with other hygiene measures. In contrast, authorities that recommended against the community use of masks mainly cited shortage of supplies, the argument that the public do not have the adequate skills to wear them, or that wearing masks might reduce compliance with other important behaviors. We suggest promoting effective behavioral changes in personal protective measures by teaching microbiological knowledge instead of just listing out the “dos-and-don’ts”."
ytecgayg,Severe Acute Respiratory Syndrome Coronavirus 2 (SARS-CoV-2) Vertical Transmission in Neonates Born to Mothers With Coronavirus Disease 2019 (COVID-19) Pneumonia,One of seven neonates born to women with symptomatic coronavirus 2019 (COVID-19) infection tested positive for the infection and was asymptomatic.
112d3o6w,VIRAL ETIOLOGY AND OUTCOME OF SEVERE LOWER RESPIRATORY TRACT INFECTIONS AMONG CRITICALLY ILL CHILDREN ADMITTED TO THE PICU,"ABSTRACT Objective: To determine the viral etiology of severe lower respiratory tract infections (LRTIs), their clinical significance and prognosis among critically ill children. Design: A prospective descriptive study was carried out. Setting: Pediatric Intensive Care Unit (PICU) of Istanbul Medeniyet University, Goztepe Training and Research Hospital, Istanbul, Turkey. Patients: A total of 115 patients hospitalized in the PICU were evaluated for inclusion in the study. Children with underlying comorbidities and those who did not require mechanical ventilation were excluded. Main variables of interest: Demographic, clinical, laboratory test and radiographic data were recorded. Results: A total of 63 patients were eligible for the study. The most common diagnosis was bronchiolitis (57.1%). Respiratory syncytial virus (RSV) was the most frequent causal virus (36.5%). The most common complication was acute respiratory distress syndrome (ARDS) (28.6%). Multiple viral infection was identified in 20.6% of the patients, the most common in this subgroup being rhinovirus. Patients with bocavirus infection had a higher likelihood of needing invasive mechanical ventilation (IMV) at presentation. Children who died were likely to be < 12 months old, have ARDS, hepatitis, pneumomediastinum, multiple viral infection, and required IMV support with an increased duration of MV. Additionally, they were found to have a high Pediatric Risk of Mortality III score, Predicted Death Rate and increased need for inotropic support at admission. Conclusions: Our study showed critically ill children with LRTI without known risk factors to have high mortality when aged < 12 months, in the presence of multiple agents and when certain complications (ARDS, hepatitis) and X-ray findings were identified."
j9x715rz,COVID-19 pathophysiology: A review,"Abstract In December 2019, a novel coronavirus, now named as SARS-CoV-2, caused a series of acute atypical respiratory diseases in Wuhan, Hubei Province, China. The disease caused by this virus was termed COVID-19. The virus is transmittable between humans and has caused pandemic worldwide. The number of death tolls continues to rise and a large number of countries have been forced to do social distancing and lockdown. Lack of targeted therapy continues to be a problem. Epidemiological studies showed that elder patients were more susceptible to severe diseases, while children tend to have milder symptoms. Here we reviewed the current knowledge about this disease and considered the potential explanation of the different symptomatology between children and adults."
0haf57l1,Asymptomatic COVID‐19 infection in late pregnancy indicated no vertical transmission,"This study is to investigate the clinical characteristics of late pregnancy with asymptomatic 2019 novel coronavirus disease (COVID‐19) infection, evaluate the outcome of maternal and fetal prognosis, and identify the evidence of intrauterine vertical transmission. A 22‐years‐old pregnant woman with asymptomatic COVID‐19 infection who was admitted to our hospital on 11 February 2020 was enrolled in this study. Clinical data including laboratory test results and chest computed tomography (CT) scanning were collected and reviewed. Diagnosis of late pregnancy with asymptomatic COVID‐19 infection was made. Lumbar anesthesia for cesarean section was performed and a female baby was delivered uneventfully, with the Apgar score of 9 to 10 points. Three times of COVID‐19 nucleic acid test for the baby was negative after delivery. The puerpera returned to normal after the operation and two times of throat swab COVID‐19 nucleic acid test were all negative after antiviral therapy. We reported an asymptomatic COVID‐19 pregnant woman with detailed clinical information and our result indicated that for late pregnant women with asymptomatic COVID‐19 infection, there might be no intrauterine infection caused by vertical transmission."
5r0ubg5g,Characterization and Clinical Course of 1000 Patients with COVID-19 in New York: retrospective case series,"Objective: To characterize patients with coronavirus disease 2019 (COVID-19) in a large New York City (NYC) medical center and describe their clinical course across the emergency department (ED), inpatient floors, and intensive care units (ICUs). Design: Retrospective manual medical record review. Setting: NewYork-Presbyterian/Columbia University Irving Medical Center (NYP/CUIMC), a quaternary care academic medical center in NYC. Participants: The first 1000 consecutive patients with laboratory-confirmed COVID-19. Methods: We identified patients with a positive RT-SARS-CoV-2 PCR receiving care at NYP/CUIMC from March 1 through April 15. Patient data was manually abstracted from the electronic medical record. Main outcome measures: We describe patient characteristics including demographics, presenting symptoms, comorbidities on presentation, hospital course, time to intubation, complications, outcomes, and disposition. Results: Among the first 1000 patients with confirmed COVID-19, 151 patients were discharged from or died in the ED, 618 were admitted to the floor, and 231 were admitted or transferred to the ICU; 195 remained hospitalized and 172 had died in the hospital. The most common presenting symptoms were cough (73.2%), fever (72.8%), and dyspnea (62.9%). Compared to Chinese and Italian cohorts, hospitalized patients and ICU patients in particular had more baseline comorbidities including hypertension, diabetes, and obesity and higher rates of acute kidney injury (AKI) and dialysis. ICU patients were older and predominantly male (67.5%); 75.3% developed AKI and 31.2% required dialysis. Notably, of patients who required mechanical ventilation, only 5.9% were first intubated more than 14 days after symptom onset. Time to intubation from symptom onset had a bimodal distribution, with modes at 3-4 and 9 days. Conclusions: Hospitalized patients with COVID-19 illness at this medical center faced significant morbidity and mortality, with high rates of AKI, dialysis, and a bimodal distribution in time to intubation from symptom onset. Patients in this large sample have more baseline comorbidities and more complications than previous Italian and Chinese cohorts."
7ihtyiox,"Modeling COVID-19 Epidemic in Heilongjiang Province, China","The Coronavirus Disease 2019 (COVID-19) surges worldwide. However, massive imported patients especially into Heilongjiang Province in China recently have been an alert for local COVID-19 outbreak. We collected data from January 23 to March 25 from Heilongjiang province and trained an ordinary differential equation model to fit the epidemic data. We extended the simulation using this trained model to characterize the effect of an imported ‘escaper’. We showed that an imported ‘escaper’ was responsible for the newly confirmed COVID-19 infections from Apr 9 to Apr 19 in Heilongjiang province. Stochastic simulations further showed that significantly increased local contacts among imported ‘escaper’, its epidemiologically associated cases and susceptible populations greatly contributed to the local outbreak of COVID-19. Meanwhile, we further found that the reported number of asymptomatic patients was markedly lower than model predictions implying a large asymptomatic pool which was not identified. We further forecasted the effect of implementing strong interventions immediately to impede COVID-19 outbreak for Heilongjiang province. Implementation of stronger interventions to lower mutual contacts could accelerate the complete recovery from coronavirus infections in Heilongjiang province. Collectively, our model has characterized the epidemic of COVID-19 in Heilongjiang province and implied that strongly controlled measured should be taken for infected and asymptomatic patients to minimize total infections."
rz9cwhm3,Contact tracing with a real-time location system: A case study of increasing relative effectiveness in an emergency department,"BACKGROUND: Contact tracing is the systematic method of identifying individuals potentially exposed to infectious diseases. Electronic medical record (EMR) use for contact tracing is time-consuming and may miss exposed individuals. Real-time location systems (RTLSs) may improve contact identification. Therefore, the relative effectiveness of these 2 contact tracing methodologies were evaluated. METHODS: During a pertussis outbreak in the United States, a retrospective case study was conducted between June 14 and August 31, 2016, to identify the contacts of confirmed pertussis cases, using EMR and RTLS data in the emergency department of a tertiary care medical center. Descriptive statistics and a paired t test (α = 0.05) were performed to compare contacts identified by EMR versus RTLS, as was correlation between pertussis patient length of stay and the number of potential contacts. RESULTS: Nine cases of pertussis presented to the emergency department during the identified time period. RTLS doubled the potential exposure list (P < .01). Length of stay had significant positive correlation with contacts identified by RTLS (ρ = 0.79; P = .01) but not with EMR (ρ = 0.43; P = .25). CONCLUSIONS: RTLS doubled the potential pertussis exposures beyond EMR-based contact identification. Thus, RTLS may be a valuable addition to the practice of contact tracing and infectious disease monitoring."
a77g9rjo,Antibody responses against SARS coronavirus are correlated with disease outcome of infected individuals,"Most of the SARS‐CoV‐infected patients spontaneously recovered without clinical intervention while a small percentage succumbed to the disease. Here, we characterized temporal changes in N protein‐specific and S glycoprotein‐specific neutralizing antibody (Nab) responses in infected patients who have either recovered from or succumbed to SARS‐CoV infection. Recovered patients were found to have higher and sustainable levels of both N protein‐specific and S glycoprotein‐specific Nab responses, suggesting that antibody responses likely play an important role in determining the ultimate disease outcome of SARS‐CoV‐infected patients. J. Med. Virol. 78:1–8, 2006. © 2005 Wiley‐Liss, inc."
6vmfa6qx,Medically unexplained symptoms in the times of Covid-19 pandemic: a case-report,"Abstract In early 2020, a novel coronavirus (SARS-CoV-2) leading to a potentially fatal condition was discovered. Since then, the 2019 coronavirus disease (COVID-19) has spread worldwide becoming a pandemic. Beyond the risks strictly related to the infection, concerns have been expressed for the psychological impact that COVID-19 may have, especially on vulnerable individuals with pre-existing mental health conditions. Somatic symptom disorder (SSD) is characterized by a dysfunctional preoccupation with physical symptoms leading to excessive and unnecessary healthcare utilization. Despite being quite common, such condition remains underrecognized. We report a detailed clinical case of a 16 years old adolescent, who presented with a history suggestive of COVID-19 infection and associated psychological distress. Despite testing negative for the presence of SARS-CoV-2, his extreme and persisting health preoccupations required an inpatient admission to the Child and Adolescent Neuropsychiatric Unit. He responded rapidly to a low dose of antipsychotic and an antidepressant. Based on his medical history and current presentation, he received a diagnosis of SSD. When COVID-19-like symptoms occur, we highlight the importance of differentially diagnosing a possible exacerbation of a pre-existing SSD, triggered by fear of being infected. This may help preventing further burden to the healthcare system."
635cq3z9,iTRAQ-based high-throughput proteomics analysis reveals alterations of plasma proteins in patients infected with human bocavirus,"Human bocavirus (HBoV) is a member of the genus Bocavirus, family Parvoviridae, and subfamily Parvovirus and was first identified in nasopharyngeal aspirates of Swedish children with acute respiratory tract infection (ARTI) in 2005. It is the causative agent of nasopharyngeal aspirate disease and death in children. The HboV genomic structure is a linear single-stranded DNA (ssDNA). Its clinical pathogenic characteristics have been extensively studied, however, at present the molecular mechanism underlying the pathogenesis of HBoV infection is not completely clear. In this study, a total of 293 differentially expressed proteins (DEPs) between ARTI cases and healthy plasma samples were characterized using isobaric tags for relative and absolute quantitation (iTRAQ)-coupled bioinformatics analysis, among which 148 were up-regulated and 135 were down-regulated. Gene Ontology (GO) and Cluster of Orthologous Groups of proteins (COG) annotated an enrichment of DEPs in complement activation and biological processes like immunity, inflammation, signal transduction, substance synthesis, and metabolism. Kyoto Encyclopedia of Genes and Genomes (KEGG) analysis enriched DEPs mainly in the Wnt signaling pathway (ko04310), PPAR signaling pathway (ko03320), intestinal immune network for IgA production (ko04672), complement and coagulation cascades (ko04610), Toll-like receptor signaling pathway (ko04620) and B cell receptor signaling pathway (ko04662). Further, expression levels of three candidate proteins (upregulated PPP2R1A and CUL1, and downregulated CETP) were validated using western blotting. Our investigation is the first analysis of the proteomic profile of HBoV-infected ARTI cases using the iTRAQ approach, providing a foundation for a better molecular understanding of the pathogenesis of ARTI in children."
p70ocrmc,On respiratory droplets and face masks,"Face mask filters—textile, surgical, or respiratory—are widely used in an effort to limit the spread of airborne viral infections. Our understanding of the droplet dynamics around a face mask filter, including the droplet containment and leakage from and passing through the cover, is incomplete. We present a fluid dynamics study of the transmission of respiratory droplets through and around a face mask filter. By employing multiphase computational fluid dynamics in a fully coupled Eulerian–Lagrangian framework, we investigate the droplet dynamics induced by a mild coughing incident and examine the fluid dynamics phenomena affecting the mask efficiency. The model takes into account turbulent dispersion forces, droplet phase-change, evaporation, and breakup in addition to the droplet–droplet and droplet–air interactions. The model mimics real events by using data, which closely resemble cough experiments. The study shows that the criteria employed for assessing the face mask performance must be modified to take into account the penetration dynamics of airborne droplet transmission, the fluid dynamics leakage around the filter, and reduction of efficiency during cough cycles. A new criterion for calculating more accurately the mask efficiency by taking into account the penetration dynamics is proposed. We show that the use of masks will reduce the airborne droplet transmission and will also protect the wearer from the droplets expelled from other subjects. However, many droplets still spread around and away from the cover, cumulatively, during cough cycles. Therefore, the use of a mask does not provide complete protection, and social distancing remains important during a pandemic. The implications of the reduced mask efficiency and respiratory droplet transmission away from the mask are even more critical for healthcare workers. The results of this study provide evidence of droplet transmission prevention by face masks, which can guide their use and further improvement."
xetzg7gp,"The immune vulnerability landscape of the 2019 Novel Coronavirus, SARS-CoV-2","The outbreak of the 2019 Novel Coronavirus (SARS-CoV-2) rapidly spread from Wuhan, China to more than 150 countries, areas or territories, causing staggering number of infections and deaths. A systematic profiling of the immune vulnerability landscape of SARS-CoV-2, which can bring critical insights into the immune clearance mechanism, peptide vaccine development, and antiviral antibody development, is lacking. In this study, we investigated the potential of the SARS-CoV-2 viral proteins to induce class I and II MHC presentation and to form linear antibody epitopes. We created an online database to broadly share the predictions as a resource for the research community. Using this resource, we showed that genetic variations in SARS- CoV-2, though still few for the moment, already follow the pattern of mutations in related coronaviruses, and could alter the immune vulnerability landscape of this virus. Importantly, we discovered evidence that SARS-CoV-2, along with related coronaviruses, used mutations to evade attack from the human immune system. Overall, we present an immunological resource for SARS-CoV-2 that could promote both therapeutic development and mechanistic research."
gocycb7u,The use of exhaled nitric oxide and peak expiratory flow to demonstrate improved breathability and antimicrobial properties of novel face mask made with sustainable filter paper and Folium Plectranthii amboinicii oil: additional option for mask shortage during COVID-19 pandemic,"BACKGROUND: Medical face masks are integral personal protective equipment against infectious airborne disease and become scarce during epidemic outbreaks such as COVID-19. A novel, sustainably manufactured face mask with antimicrobial and anti-inflammatory properties from oil of Folium Plectranthii amboinicii can be an effective alternative to internationally sold masks. METHODS: This prospective, randomized study assigned subjects (n=67) to either conventional surgical face mask or Lamdong Medical College (LMC) face mask for three hours. Fractional concentration of nitric oxide in exhaled breath (FE(NO)) and peak expiratory flow (PEF) was measured before and after mask use. Subjective reporting on respiratory symptoms was also analyzed. Masks were then incubated and analyzed for microorganism growth. RESULTS: Subjects assigned the LMC mask had a lowered FE(NO) (p<0.05) compared to conventional face masks after mask wearing. Subjects with LMC mask use reported higher comfortability (p<0.05), breathability (p<0.05), and lower allergy symptoms (p<0.05). The LMC mask has visually less microorganism growth in the cultured medium, measured by sterile ring radius. CONCLUSIONS: The LMC face mask is a renewably manufactured personal protective tool with antibacterial capacity that can serve as an effective alternative to internationally sold surgical face mask during shortage of mask due to COVID-19."
xxypq3wd,Design and immunogenicity assessment of HIV-1 virus-like particles as a candidate vaccine,"The rapid growth of the global HIV/AIDS epidemic makes it a high priority to develop an effective vaccine. Since a live attenuated or inactivated HIV vaccine is not likely to be approved for clinical application due to safety concerns, HIV virus like particles (VLPs) offer an attractive alternative because they are considered safer since they lack viral genome. We got a stable eukaryotic cell line by G418 resistance selection, engineered to express the HIV-1 structure protein Gag and Env efficiently and stably. We confirmed the presence of Gag and Env proteins in the cell culture supernatant and that they could self-assemble into VLPs. These VLPs were found to be able to elicit specific humoral and cellular immune response after immunization without any adjuvant."
y43prnko,The use of masks and respirators to prevent transmission of influenza: a systematic review of the scientific evidence,"Please cite this paper as: bin‐Reza et al. (2012) The use of masks and respirators to prevent transmission of influenza: a systematic review of the scientific evidence. Influenza and Other Respiratory Viruses 6(4), 257–267. There are limited data on the use of masks and respirators to reduce transmission of influenza. A systematic review was undertaken to help inform pandemic influenza guidance in the United Kingdom. The initial review was performed in November 2009 and updated in June 2010 and January 2011. Inclusion criteria included randomised controlled trials and quasi‐experimental and observational studies of humans published in English with an outcome of laboratory‐confirmed or clinically‐diagnosed influenza and other viral respiratory infections. There were 17 eligible studies. Six of eight randomised controlled trials found no significant differences between control and intervention groups (masks with or without hand hygiene; N95/P2 respirators). One household trial found that mask wearing coupled with hand sanitiser use reduced secondary transmission of upper respiratory infection/influenza‐like illness/laboratory‐confirmed influenza compared with education; hand sanitiser alone resulted in no reduction. One hospital‐based trial found a lower rate of clinical respiratory illness associated with non‐fit‐tested N95 respirator use compared with medical masks. Eight of nine retrospective observational studies found that mask and/or respirator use was independently associated with a reduced risk of severe acute respiratory syndrome (SARS). Findings, however, may not be applicable to influenza and many studies were suboptimal. None of the studies established a conclusive relationship between mask/respirator use and protection against influenza infection. Some evidence suggests that mask use is best undertaken as part of a package of personal protection especially hand hygiene. The effectiveness of masks and respirators is likely linked to early, consistent and correct usage."
h93g5hvf,"Epidemiological characteristics of 2143 pediatric patients with 2019 coronavirus disease in China Dong Y, Mo X, Hu Y, et al. Pediatrics. 2020; doi: 10.1542/peds.2020-0702.","Novel coronavirus (SARS-CoV-2, which causes COVID-19) is a pandemic with many countries employing massive public health responses. Little is known about the severity of illness in the pediatric population. This study sought to identify demographic information and severity of disease in pediatric patients with COVID-19. This was a retrospective study conducted on patients less than 18 years who were suspected or confirmed to have COVID-19 and were reported to the Chinese Centers for Disease Control (China CDC). Children were considered high risk and suspected if they had positive exposure to an endemic area or a confirmed case of COVID-19. High suspicion also included those with fever, respiratory symptoms, digestive symptoms, or fatigue, normal or low white blood cell count and increased C-reactive protein, or abnormal chest radiography, or those at lower risk for whom influenza or other respiratory illnesses were ruled out. Confirmed cases were defined as having a nasopharyngeal swab or blood sample positive via PCR or a genetic sampling of respiratory secretions or blood consistent with SARS-CoV-2. Once identified, patients were categorized by severity of disease using clinical features as well as laboratory and radiographic findings. Severity categories included asymptomatic (no symptoms but positive test), mild (mild respiratory symptoms and normal lung exam), moderate (pneumonia, fever, and cough but without hypoxemia or respiratory distress), severe (above symptoms as well as oxygen saturation less than 92% and respiratory distress), or critical disease (acute respiratory failure, acute respiratory distress syndrome, shock, or other life-threatening organ dysfunction). There were 2143 patients included who were suspected (65.9%) or confirmed (34.1%) to have COVID-19. Median age was 7 years (IQR 2-13) and the majority (56.6%) were male. The median time from onset of symptoms to presentation was 2 days (range 0-42). Nearly all were categorized as asymptomatic (4.4%), mild (50.9%), or moderate (38.8%) severity, leaving only 5.9% as severe or critical. Looking at breakdown by age, infants made up the highest proportion of severe or critical disease (32%) with preschool ages (1-5 years) next with 28.8%. Half (7) of the 13 critical patients were under 1 year old. No significant differences were seen between male or female patients. There was one death in the sample: a 14-year old boy. Limitations included lack of clinical characteristics, as only data from the Chinese CDC was used rather than electronic medical records from individual patients. Additionally the majority of cases were suspected, not confirmed, and some of the children remained hospitalized at the end of the study therefore severity of disease may not be accurate. The authors concluded that COVID-19 caused infection in all ages without obvious gender differences, however younger children appeared to have higher severity of disease. Comment: This is the largest cohort of pediatric COVID-19 patients to date. This study is based on the China CDC dataset and is limited to the variables that are reported to the CDC. We cannot assume children in the United States will be affected similarly. Overall, this dataset suggests that critical disease is rare in children with COVID-19. Emergency physicians should use caution with infants and young children, however, as they appear to be at highest risk of severe disease and may need closer observation in the emergency department or inpatient admission."
eiobmxp2,Serological Screening for Coronavirus Infections in Cats,"Coronaviruses (CoVs) are widespread among mammals and birds and known for their potential for cross-species transmission. In cats, infections with feline coronaviruses (FCoVs) are common. Several non-feline coronaviruses have been reported to infect feline cells as well as cats after experimental infection, supported by their ability to engage the feline receptor ortholog for cell entry. However, whether cats might become naturally infected with CoVs of other species is unknown. We analyzed coronavirus infections in cats by serological monitoring. In total 137 cat serum samples and 25 FCoV type 1 or type 2-specific antisera were screened for the presence of antibodies against the S1 receptor binding subunit of the CoV spike protein, which is immunogenic and possesses low amino acid sequence identity among coronavirus species. Seventy-eight sera were positive for antibodies that recognized one or more coronavirus S1s whereas 1 serum exclusively reacted with human coronavirus 229E (HCoV-229E) and two sera exclusively reacted with porcine delta coronavirus (PDCoV). We observed antigenic cross-reactivity between S1s of type 1 and type 2 FCoVs, and between FCoV type 1 and porcine epidemic diarrhea virus (PEDV). Domain mapping of antibody epitopes indicated the presence of conserved epitope(s) particularly in the CD domains of S1. The cross-reactivity of FCoV type 1 and PEDV was also observed at the level of virus neutralization. To conclude, we provide the first evidence of antigenic cross-reactivity among S1 proteins of coronaviruses, which should be considered in the development of serological diagnoses. In addition, the potential role of cats in cross-species transmission of coronaviruses cannot be excluded."
7fq9culd,Renin-angiotensin system at the heart of COVID-19 pandemic,"Abstract Significant aspects of COVID-19 pandemic remain obscure. Angiotensin converting enzyme 2 (ACE2), a component of the renin-angiotensin system, whose expression dominates on lung alveolar epithelial cells, is the human cell receptor of SARS-CoV-2, the causative agent of COVID-19. We strongly encourage the concept that thorough considerations of receptor-ligand interactions should be kept at the heart of scientific debate on infection. In this idea, the whole renin-angiotensin system has to be evaluated. We hypothesize that factors related to ethnicity, environment, behaviors, associated illness, and medications involving this complex system are probably responsible for situations regarded as anomalous from both an epidemiological and a clinical point of view, but, taken together, such factors may explain most of the aspects of current outbreak. We decided to use the analogy of a play and speculate about the possible impact in this tragedy of 1) air pollution via the interference of nitrogen dioxide on ACE2 expression; 2) the dual role of nicotine; 3) the hypothetical involvement of ACE2 polymorphisms, the relationships of which with ethnic factors and susceptibility to cardiovascular disease seems intriguing; 4) the impact on the severity of infection of hypertension and related medications acting on the renin/angiotensin system, and, finally, 5) the possible helpful role of chloroquine, thanks to its capacity of modifying ACE2 affinity to the viral spike protein by altering glycosylation. This hypothesis paper is an urgent call for the development of research programs that aim at questioning whether the putative protagonists of this tragedy are real-life actors in COVID-19."
ybr2ij5b,"COVID-19, ACE -inhibitors and angiotensin receptor blockers-: The need to differentiate between early infection and acute lung injury",
ggx4v0bz,The ACE-2 in COVID-19: Foe or Friend?,"COVID-19 is a rapidly spreading outbreak globally. Emerging evidence demonstrates that older individuals and people with underlying metabolic conditions of diabetes mellitus, hypertension, and hyperlipidemia are at higher risk of morbidity and mortality. The SARS-CoV-2 infects humans through the angiotensin converting enzyme (ACE-2) receptor. The ACE-2 receptor is a part of the dual system renin-angiotensin-system (RAS) consisting of ACE-Ang-II-AT (1) R axis and ACE-2-Ang-(1–7)-Mas axis. In metabolic disorders and with increased age, it is known that there is an upregulation of ACE-Ang-II-AT (1) R axis with a downregulation of ACE-2-Ang-(1–7)-Mas axis. The activated ACE-Ang-II-AT1R axis leads to pro-inflammatory and pro-fibrotic effects in respiratory system, vascular dysfunction, myocardial fibrosis, nephropathy, and insulin secretory defects with increased insulin resistance. On the other hand, the ACE-2-Ang-(1–7)-Mas axis has anti-inflammatory and antifibrotic effects on the respiratory system and anti-inflammatory, antioxidative stress, and protective effects on vascular function, protects against myocardial fibrosis, nephropathy, pancreatitis, and insulin resistance. In effect, the balance between these two axes may determine the prognosis. The already strained ACE-2-Ang-(1–7)-Mas in metabolic disorders is further stressed due to the use of the ACE-2 by the virus for entry, which affects the prognosis in terms of respiratory compromise. Further evidence needs to be gathered on whether modulation of the renin angiotensin system would be advantageous due to upregulation of Mas activation or harmful due to the concomitant ACE-2 receptor upregulation in the acute management of COVID-19."
ozdwkkqn,A Snapshot of the Global Race for Vaccines Targeting SARS-CoV-2 and the COVID-19 Pandemic,"A novel coronavirus SARS-CoV-2 causing Coronavirus disease 2019 (COVID-19) has entered the human population and has spread rapidly around the world in the first half of 2020 causing a global pandemic. The virus uses its spike glycoprotein receptor-binding domain to interact with host cell angiotensin-converting enzyme 2 (ACE2) sites to initiate a cascade of events that culminate in severe acute respiratory syndrome in some individuals. In efforts to curtail viral spread, authorities initiated far-reaching lockdowns that have disrupted global economies. The scientific and medical communities are mounting serious efforts to limit this pandemic and subsequent waves of viral spread by developing preventative vaccines and repurposing existing drugs as potential therapies. In this review, we focus on the latest developments in COVID-19 vaccine development, including results of the first Phase I clinical trials and describe a number of the early candidates that are emerging in the field. We seek to provide a balanced coverage of the seven main platforms used in vaccine development that will lead to a desired target product profile for the “ideal” vaccine. Using tales of past vaccine discovery efforts that have taken many years or that have failed, we temper over exuberant enthusiasm with cautious optimism that the global medical community will reach the elusive target to treat COVID-19 and end the pandemic."
phby6ouv,Pandemic COVID-19: current status and challenges of antiviral therapies,"Abstract The pandemic COVID-19, caused by a new coronavirus SARS-CoV-2 infection, has infected over 6 million individuals and caused more than 364,000 death worldwide. Currently, there is no specific drug to treating this disease. Here we summarized the mechanisms of antiviral therapies and the clinic findings from different countries. Antiviral chemotherapies have been conducted by in multiple cohorts in different counties. Although FDA has fast approved remdesivir for treating COVID-19, it only speeds up recovery from COVID-19 with mildly reduced mortality. The chloroquine was suggested a potential drug against SARS-CoV-2 infection due to its in vitro antiviral effects, it is imperative high-quality data from worldwide clinical trials are necessitated for an approved therapy. In terms of hydroxychloroquine (HCQ) therapy, although WHO has stopped all the clinic trials due to its strong side-effects in COVID patients, large scale clinical trials with a long-term outcome follow-up may warrant HCQ and azithromycin combination in combating the virus. Convalescent plasma (CP) therapy suggested its safety use in SARS-CoV-2 infection; but both CP immunotherapy and NK cellular therapy must be manufactured and utilized according to scrupulous ethical and controlled conditions to guarantee a possible role of these products of human origin. Further research should be conducted to define the exact mechanism of SARS-CoV-2 pathogenesis, suitable animal models or ex vivo human lung tissues aid in studying replication, transmission and spread of the novel viruses, thereby facilitating highly effective therapies."
ju44hwt6,Prioritizing and Analyzing the Role of Climate and Urban Parameters in the Confirmed Cases of COVID-19 Based on Artificial Intelligence Applications,"Nowadays, an infectious disease outbreak is considered one of the most destructive effects in the sustainable development process. The outbreak of new coronavirus (COVID-19) as an infectious disease showed that it has undesirable social, environmental, and economic impacts, and leads to serious challenges and threats. Additionally, investigating the prioritization parameters is of vital importance to reducing the negative impacts of this global crisis. Hence, the main aim of this study is to prioritize and analyze the role of certain environmental parameters. For this purpose, four cities in Italy were selected as a case study and some notable climate parameters—such as daily average temperature, relative humidity, wind speed—and an urban parameter, population density, were considered as input data set, with confirmed cases of COVID-19 being the output dataset. In this paper, two artificial intelligence techniques, including an artificial neural network (ANN) based on particle swarm optimization (PSO) algorithm and differential evolution (DE) algorithm, were used for prioritizing climate and urban parameters. The analysis is based on the feature selection process and then the obtained results from the proposed models compared to select the best one. Finally, the difference in cost function was about 0.0001 between the performances of the two models, hence, the two methods were not different in cost function, however, ANN-PSO was found to be better, because it reached to the desired precision level in lesser iterations than ANN-DE. In addition, the priority of two variables, urban parameter, and relative humidity, were the highest to predict the confirmed cases of COVID-19."
3faqvwoo,Development of An Android Application for Viewing Covid-19 Containment Zones and Monitoring Violators Who are Trespassing into It Using Firebase and Geofencing,"The World Health Organization has declared the outbreak of the novel coronavirus, Covid-19 as pandemic across the world. With its alarming surge of affected cases throughout the world, lockdown, and awareness (social distancing, use of masks etc.) among people are found to be the only means for restricting the community transmission. In a densely populated country like India, it is very difficult to prevent the community transmission even during lockdown without social awareness and precautionary measures taken by the people. Recently, several containment zones had been identified throughout the country and divided into red, orange and green zones, respectively. The red zones indicate the infection hotspots, orange zones denote some infection and green zones indicate an area with no infection. This paper mainly focuses on development of an Android application which can inform people of the Covid-19 containment zones and prevent trespassing into these zones. This Android application updates the locations of the areas in a Google map which are identified to be the containment zones. The application also notifies the users if they have entered a containment zone and uploads the user’s IMEI number to the online database. To achieve all these functionalities, many tools, and APIs from Google like Firebase and Geofencing API are used in this application. Therefore, this application can be used as a tool for creating further social awareness about the arising need of precautionary measures to be taken by the people of India."
v7uwpcb1,COVID-19 and diabetes mellitus: A need for prudence in elderly patients from a pooled analysis,"OBJECTIVE: The objective of this study was to evaluate the pooled estimate of diabetes prevalence in young (<50 years) versus elderly (>50 years) COVID-19 cohorts. METHODS: Studies published between December-2019 and March-2020 reporting demographic and clinical characteristics of COVID-19 cases were identified. A total of 11 studies included accounting for 2084 COVID-19 patients. RESULTS: The overall prevalence of diabetes in COVID-19 patients with a mean age>50 years was 13.2%, whereas studies with relatively younger patients (mean age <50 years) had a pooled prevalence of 9.0% CONCLUSION: The overall prevalence of diabetes in COVID-19 patients was found to be 13.2%. The intermingled effects of diabetes with other cardiovascular comorbidities warrant age-specific outcomes data including the impact of ongoing antidiabetic treatment."
b7yhjsq4,Exhaled Air Dispersion during Coughing with and without Wearing a Surgical or N95 Mask,"OBJECTIVES: We compared the expelled air dispersion distances during coughing from a human patient simulator (HPS) lying at 45° with and without wearing a surgical mask or N95 mask in a negative pressure isolation room. METHODS: Airflow was marked with intrapulmonary smoke. Coughing bouts were generated by short bursts of oxygen flow at 650, 320, and 220L/min to simulate normal, mild and poor coughing efforts, respectively. The coughing jet was revealed by laser light-sheet and images were captured by high definition video. Smoke concentration in the plume was estimated from the light scattered by smoke particles. Significant exposure was arbitrarily defined where there was ≥ 20% of normalized smoke concentration. RESULTS: During normal cough, expelled air dispersion distances were 68, 30 and 15 cm along the median sagittal plane when the HPS wore no mask, a surgical mask and a N95 mask, respectively. In moderate lung injury, the corresponding air dispersion distances for mild coughing efforts were reduced to 55, 27 and 14 cm, respectively, p < 0.001. The distances were reduced to 30, 24 and 12 cm, respectively during poor coughing effort as in severe lung injury. Lateral dispersion distances during normal cough were 0, 28 and 15 cm when the HPS wore no mask, a surgical mask and a N95 mask, respectively. CONCLUSIONS: Normal cough produced a turbulent jet about 0.7 m towards the end of the bed from the recumbent subject. N95 mask was more effective than surgical mask in preventing expelled air leakage during coughing but there was still significant sideway leakage."
cn1z7aen,Understanding and Modeling the Super-spreading Events of the Middle East Respiratory Syndrome Outbreak in Korea,
1s2zsqoq,Composition and divergence of coronavirus spike proteins and host ACE2 receptors predict potential intermediate hosts of SARS‐CoV‐2,"From the beginning of 2002 and 2012, severe respiratory syndrome coronavirus (SARS‐CoV) and Middle East respiratory syndrome coronavirus (MERS‐CoV) crossed the species barriers to infect humans, causing thousands of infections and hundreds of deaths, respectively. Currently, a novel coronavirus (SARS‐CoV‐2), which has become the cause of the outbreak of Coronavirus Disease 2019 (COVID‐19), was discovered. Until 18 February 2020, there were 72 533 confirmed COVID‐19 cases (including 10 644 severe cases) and 1872 deaths in China. SARS‐CoV‐2 is spreading among the public and causing substantial burden due to its human‐to‐human transmission. However, the intermediate host of SARS‐CoV‐2 is still unclear. Finding the possible intermediate host of SARS‐CoV‐2 is imperative to prevent further spread of the epidemic. In this study, we used systematic comparison and analysis to predict the interaction between the receptor‐binding domain (RBD) of coronavirus spike protein and the host receptor, angiotensin‐converting enzyme 2 (ACE2). The interaction between the key amino acids of S protein RBD and ACE2 indicated that, other than pangolins and snakes, as previously suggested, turtles (Chrysemys picta bellii, Chelonia mydas, and Pelodiscus sinensis) may act as the potential intermediate hosts transmitting SARS‐CoV‐2 to humans."
ui8iilhy,Angiotensin-converting enzyme 2/angiotensin-(1–7)/Mas axis prevents lipopolysaccharide–induced apoptosis of pulmonary microvascular endothelial cells by inhibiting JNK/NF–κB pathways,"ACE2 and Ang–(1–7) have important roles in preventing acute lung injury. However, it is not clear whether upregulation of the ACE2/Ang–(1–7)/Mas axis prevents LPS–induced injury in pulmonary microvascular endothelial cells (PMVECs) by inhibiting the MAPKs/NF–κB pathways. Primary cultured rat PMVECs were transduced with lentiviral–borne Ace2 or shRNA–Ace2, and then treated or not with Mas receptor blocker (A779) before exposure to LPS. LPS stimulation resulted in the higher levels of AngII, Ang–(1–7), cytokine secretion, and apoptosis rates, and the lower ACE2/ACE ratio. Ace2 reversed the ACE2/ACE imbalance and increased Ang–(1–7) levels, thus reducing LPS–induced apoptosis and inflammation, while inhibition of Ace2 reversed all these effects. A779 abolished these protective effects of Ace2. LPS treatment was associated with activation of the ERK, p38, JNK, and NF–κB pathways, which were aggravated by A779. Pretreatment with A779 prevented the Ace2–induced blockade of p38, JNK, and NF–κB phosphorylation. However, only JNK inhibitor markedly reduced apoptosis and cytokine secretion in PMVECs with Ace2 deletion and A779 pretreatment. These results suggest that the ACE2/Ang–(1–7)/Mas axis has a crucial role in preventing LPS–induced apoptosis and inflammation of PMVECs, by inhibiting the JNK/NF–κB pathways."
a49yg45g,Face shields for infection control: A review,"Face shields are personal protective equipment devices that are used by many workers (e.g., medical, dental, veterinary) for protection of the facial area and associated mucous membranes (eyes, nose, mouth) from splashes, sprays, and spatter of body fluids. Face shields are generally not used alone, but in conjunction with other protective equipment and are therefore classified as adjunctive personal protective equipment. Although there are millions of potential users of face shields, guidelines for their use vary between governmental agencies and professional societies and little research is available regarding their efficacy."
